,ticker,expiration,dte,put_iv,call_iv,skew,skew_direction
SPY_2025-05-12,SPY,2025-05-12,2,0.26498130859374996,0.229499892578125,0.03548141601562496,Downside
SPY_2025-05-13,SPY,2025-05-13,3,0.2641675146484375,0.20769021484374997,0.05647729980468755,Downside
SPY_2025-05-14,SPY,2025-05-14,4,0.2601799243164063,0.19694813476562498,0.06323178955078132,Downside
SPY_2025-05-15,SPY,2025-05-15,5,0.2592033715820313,0.19076330078125,0.06844007080078127,Downside
SPY_2025-05-16,SPY,2025-05-16,6,0.26062751098632814,0.18083501464843751,0.07979249633789062,Downside
SPY_2025-05-23,SPY,2025-05-23,13,0.24585715087890625,0.16024602783203126,0.08561112304687499,Downside
SPY_2025-05-30,SPY,2025-05-30,20,0.23747507324218745,0.15489533264160157,0.08257974060058587,Downside
SPY_2025-06-06,SPY,2025-06-06,27,0.23531851928710937,0.1557294714355469,0.07958904785156246,Downside
SPY_2025-06-13,SPY,2025-06-13,34,0.23223627471923827,0.15824206024169923,0.07399421447753904,Downside
SPY_2025-06-20,SPY,2025-06-20,41,0.231829377746582,0.1611615460205078,0.07066783172607419,Downside
SPY_2025-06-30,SPY,2025-06-30,51,0.22677368286132812,0.15884223327636718,0.06793144958496095,Downside
SPY_2025-07-18,SPY,2025-07-18,69,0.23063411788940427,0.16657327575683595,0.06406084213256832,Downside
SPY_2025-07-31,SPY,2025-07-31,82,0.22186040191650389,0.17693897613525392,0.04492142578124997,Downside
SPY_2025-08-15,SPY,2025-08-15,97,0.2187476400756836,0.17882087463378907,0.039926765441894524,Downside
SPY_2025-08-29,SPY,2025-08-29,111,0.22127040130615236,0.18928321304321286,0.0319871882629395,Downside
SPY_2025-09-19,SPY,2025-09-19,132,0.21805591522216794,0.1875284698486328,0.030527445373535134,Downside
SPY_2025-09-30,SPY,2025-09-30,143,0.21158625335693357,0.19194330200195311,0.019642951354980454,Downside
SPY_2025-10-31,SPY,2025-10-31,174,0.20853706916809078,0.18550924362182616,0.02302782554626462,Downside
SPY_2025-12-19,SPY,2025-12-19,223,0.20687133468627927,0.2025200801849365,0.004351254501342772,Downside
SPY_2025-12-31,SPY,2025-12-31,235,0.20215387290954587,0.20552094535827634,-0.003367072448730468,Upside
SPY_2026-01-16,SPY,2026-01-16,251,0.20305667556762694,0.2023852955627441,0.0006713800048828433,Downside
SPY_2026-03-20,SPY,2026-03-20,314,0.1976093423461914,0.2091881043243408,-0.011578761978149388,Upside
SPY_2026-03-31,SPY,2026-03-31,325,0.19325300163269044,0.20851418121337886,-0.015261179580688428,Upside
SPY_2026-06-18,SPY,2026-06-18,404,0.19085485260009763,0.2151618605041504,-0.02430700790405277,Upside
SPY_2026-12-18,SPY,2026-12-18,587,0.1813334634399414,0.22692499767303465,-0.045591534233093256,Upside
SPY_2027-01-15,SPY,2027-01-15,615,0.18190566230773927,0.22762816650390624,-0.04572250419616697,Upside
SPY_2027-12-17,SPY,2027-12-17,951,0.1696517056655884,0.24540193489074705,-0.07575022922515864,Upside
QQQ_2025-05-12,QQQ,2025-05-12,2,0.2810944287109374,0.2726309716796875,0.008463457031249955,Downside
QQQ_2025-05-13,QQQ,2025-05-13,3,0.28597719238281244,0.25977302734374996,0.026204165039062477,Downside
QQQ_2025-05-14,QQQ,2025-05-14,4,0.28369856933593746,0.2500888793945312,0.03360968994140623,Downside
QQQ_2025-05-15,QQQ,2025-05-15,5,0.28443098388671867,0.24406680419921875,0.04036417968749992,Downside
QQQ_2025-05-16,QQQ,2025-05-16,6,0.29277237182617183,0.22958127197265624,0.06319109985351559,Downside
QQQ_2025-05-23,QQQ,2025-05-23,13,0.2785513226318359,0.21245090942382808,0.06610041320800783,Downside
QQQ_2025-05-30,QQQ,2025-05-30,20,0.2741161456298828,0.20895159545898434,0.06516455017089845,Downside
QQQ_2025-06-06,QQQ,2025-06-06,27,0.2716239016723633,0.20795469787597654,0.06366920379638674,Downside
QQQ_2025-06-13,QQQ,2025-06-13,34,0.2681042428588867,0.20993832061767578,0.05816592224121089,Downside
QQQ_2025-06-20,QQQ,2025-06-20,41,0.26881631256103516,0.2132647033691406,0.05555160919189456,Downside
QQQ_2025-06-30,QQQ,2025-06-30,51,0.2602816485595703,0.21366142791748047,0.046620220642089844,Downside
QQQ_2025-07-18,QQQ,2025-07-18,69,0.2681957946777344,0.2202633312988281,0.047932463378906304,Downside
QQQ_2025-07-31,QQQ,2025-07-31,82,0.25830819824218754,0.22635661346435546,0.03195158477783208,Downside
QQQ_2025-08-15,QQQ,2025-08-15,97,0.2630231169128418,0.23220575744628902,0.030817359466552785,Downside
QQQ_2025-08-29,QQQ,2025-08-29,111,0.26179733978271486,0.23870085037231445,0.023096489410400406,Downside
QQQ_2025-09-19,QQQ,2025-09-19,132,0.2564313859558105,0.24176783630371093,0.014663549652099567,Downside
QQQ_2025-09-30,QQQ,2025-09-30,143,0.2476373251342774,0.24758137680053713,5.594833374025776e-05,Downside
QQQ_2025-11-21,QQQ,2025-11-21,195,0.24798318756103513,0.25471224624633787,-0.006729058685302741,Upside
QQQ_2025-12-19,QQQ,2025-12-19,223,0.16536275726318359,0.26179225357055674,-0.09642949630737316,Upside
QQQ_2025-12-31,QQQ,2025-12-31,235,0.2416177930450439,0.26185583122253414,-0.02023803817749023,Upside
QQQ_2026-01-16,QQQ,2026-01-16,251,0.16207706420898435,0.17922522850036623,-0.017148164291381884,Upside
QQQ_2026-03-20,QQQ,2026-03-20,314,0.23242955078125002,0.26679962944030766,-0.03437007865905764,Upside
QQQ_2026-03-31,QQQ,2026-03-31,325,0.23177088630676268,0.26712260391235354,-0.03535171760559086,Upside
QQQ_2026-06-18,QQQ,2026-06-18,404,0.28366805206298823,0.2753775262451172,0.008290525817871042,Downside
QQQ_2026-09-18,QQQ,2026-09-18,496,0.21893074371337887,0.2795609357452392,-0.06063019203186035,Upside
QQQ_2026-12-18,QQQ,2026-12-18,587,0.21183547775268555,0.28343408630371086,-0.07159860855102532,Upside
QQQ_2027-01-15,QQQ,2027-01-15,615,0.21349866912841797,0.2816920586395263,-0.06819338951110832,Upside
QQQ_2027-06-17,QQQ,2027-06-17,768,0.21249922843933103,0.294555089187622,-0.08205586074829099,Upside
QQQ_2027-12-17,QQQ,2027-12-17,951,0.2025658560943603,0.30143800579071045,-0.09887214969635014,Upside
IWM_2025-05-12,IWM,2025-05-12,2,0.30111375976562493,0.31185583984375,-0.01074208007812505,Upside
IWM_2025-05-13,IWM,2025-05-13,3,0.304694453125,0.30127651855468746,0.003417934570312531,Downside
IWM_2025-05-14,IWM,2025-05-14,4,0.297858583984375,0.2877675390624999,0.01009104492187507,Downside
IWM_2025-05-15,IWM,2025-05-15,5,0.30160203613281245,0.2836171899414062,0.017984846191406223,Downside
IWM_2025-05-16,IWM,2025-05-16,6,0.3006254833984375,0.27490959472656246,0.02571588867187502,Downside
IWM_2025-05-23,IWM,2025-05-23,13,0.2834544311523437,0.2391026611328125,0.044351770019531195,Downside
IWM_2025-05-30,IWM,2025-05-30,20,0.2739330419921875,0.2402826623535156,0.03365037963867187,Downside
IWM_2025-06-06,IWM,2025-06-06,27,0.27210200561523434,0.22848265014648436,0.04361935546874998,Downside
IWM_2025-06-13,IWM,2025-06-13,34,0.2691316577148437,0.23112748046875,0.0380041772460937,Downside
IWM_2025-06-20,IWM,2025-06-20,41,0.2691723474121093,0.22488161193847653,0.0442907354736328,Downside
IWM_2025-06-30,IWM,2025-06-30,51,0.2617871673583984,0.2232133343505859,0.0385738330078125,Downside
IWM_2025-07-18,IWM,2025-07-18,69,0.2586540606689453,0.23303989624023438,0.025614164428710923,Downside
IWM_2025-08-15,IWM,2025-08-15,97,0.25201146759033205,0.24050645568847653,0.011505011901855516,Downside
IWM_2025-09-19,IWM,2025-09-19,132,0.2571281970214844,0.23493196716308593,0.022196229858398447,Downside
IWM_2025-09-30,IWM,2025-09-30,143,0.2548495739746094,0.24483990844726566,0.010009665527343725,Downside
IWM_2025-10-17,IWM,2025-10-17,160,0.243171630859375,0.24886818847656247,-0.0056965576171874865,Upside
IWM_2025-11-21,IWM,2025-11-21,195,0.23802438415527338,0.24486025329589844,-0.006835869140625062,Upside
IWM_2025-12-19,IWM,2025-12-19,223,0.2433750793457031,0.2547987118530274,-0.011423632507324283,Upside
IWM_2025-12-31,IWM,2025-12-31,235,0.24100490447998046,0.25282526153564455,-0.011820357055664088,Upside
IWM_2026-01-16,IWM,2026-01-16,251,0.23090368713378906,0.2536492279052735,-0.02274554077148444,Upside
IWM_2026-03-20,IWM,2026-03-20,314,0.23192601577758787,0.24918353363037113,-0.01725751785278326,Upside
IWM_2026-03-31,IWM,2026-03-31,325,0.2257462680053711,0.25550060913085937,-0.029754341125488276,Upside
IWM_2026-06-18,IWM,2026-06-18,404,0.22441368041992185,0.2544833666992188,-0.03006968627929693,Upside
IWM_2026-09-18,IWM,2026-09-18,496,0.2184780708312988,0.25762155960083016,-0.03914348876953136,Upside
IWM_2026-12-18,IWM,2026-12-18,587,0.21453625640869137,0.26050544189453123,-0.045969185485839864,Upside
IWM_2027-01-15,IWM,2027-01-15,615,0.20942969940185543,0.2611564770507812,-0.051726777648925776,Upside
IWM_2027-06-17,IWM,2027-06-17,768,0.21035539001464842,0.26847553634643545,-0.058120146331787026,Upside
IWM_2027-12-17,IWM,2027-12-17,951,0.204134952545166,0.27308364456176754,-0.06894869201660153,Upside
DIA_2025-05-16,DIA,2025-05-16,6,0.25196060546875,0.18270674072265622,0.06925386474609377,Downside
DIA_2025-05-23,DIA,2025-05-23,13,0.23076127319335937,0.165047412109375,0.06571386108398436,Downside
DIA_2025-05-30,DIA,2025-05-30,20,0.21588918884277342,0.15385774536132815,0.062031443481445264,Downside
DIA_2025-06-06,DIA,2025-06-06,27,0.2146074633789062,0.15194532958984378,0.06266213378906244,Downside
DIA_2025-06-13,DIA,2025-06-13,34,0.23694610717773437,0.1508263629150391,0.08611974426269528,Downside
DIA_2025-06-20,DIA,2025-06-20,41,0.20916521636962884,0.1471439453125,0.062021271057128846,Downside
DIA_2025-06-30,DIA,2025-06-30,51,0.20228865753173828,0.14253583709716797,0.05975282043457031,Downside
DIA_2025-07-18,DIA,2025-07-18,69,0.20019313812255857,0.15125360473632815,0.048939533386230416,Downside
DIA_2025-09-19,DIA,2025-09-19,132,0.2100298724365234,0.18199467102050781,0.028035201416015593,Downside
DIA_2025-09-30,DIA,2025-09-30,143,0.19849942947387697,0.19761442855834963,0.0008850009155273453,Downside
DIA_2025-12-19,DIA,2025-12-19,223,0.19654123779296873,0.18926286819458008,0.007278369598388651,Downside
DIA_2025-12-31,DIA,2025-12-31,235,0.13281099945068361,0.19139907730102537,-0.05858807785034176,Upside
DIA_2026-01-16,DIA,2026-01-16,251,0.19183649154663085,0.18780821151733398,0.004028280029296866,Downside
DIA_2026-03-20,DIA,2026-03-20,314,0.19225864715576177,0.19167627586364744,0.0005823712921143309,Downside
DIA_2026-03-31,DIA,2026-03-31,325,0.18670958969116214,0.19734994552612303,-0.010640355834960896,Upside
DIA_2026-12-18,DIA,2026-12-18,587,0.17099828033447265,0.19335472587585448,-0.02235644554138183,Upside
DIA_2027-01-15,DIA,2027-01-15,615,0.16964789100646974,0.20528952270507808,-0.035641631698608345,Upside
TQQQ_2025-05-16,TQQQ,2025-05-16,6,0.7727887304687501,0.6718782812500002,0.10091044921874992,Downside
TQQQ_2025-05-23,TQQQ,2025-05-23,13,0.7247748876953125,0.6678093115234377,0.05696557617187481,Downside
TQQQ_2025-05-30,TQQQ,2025-05-30,20,0.7303900659179687,0.6521030883789063,0.07828697753906244,Downside
TQQQ_2025-06-06,TQQQ,2025-06-06,27,0.762046650390625,0.6357458300781251,0.1263008203124999,Downside
TQQQ_2025-06-13,TQQQ,2025-06-13,34,0.7237983349609375,0.5910685424804689,0.13272979248046857,Downside
TQQQ_2025-06-20,TQQQ,2025-06-20,41,0.7258328198242188,0.642256181640625,0.08357663818359373,Downside
TQQQ_2025-09-19,TQQQ,2025-09-19,132,0.7069528002929687,0.6718782812500003,0.03507451904296843,Downside
TQQQ_2025-12-19,TQQQ,2025-12-19,223,0.6826610510253909,0.6665275860595704,0.016133464965820465,Downside
TQQQ_2026-01-16,TQQQ,2026-01-16,251,0.6761506994628906,0.6696200030517581,0.006530696411132575,Downside
TQQQ_2027-01-15,TQQQ,2027-01-15,615,0.6096433892822266,0.651594467163086,-0.04195107788085939,Upside
TNA_2025-05-16,TNA,2025-05-16,6,0.8375667285156249,0.773439765625,0.0641269628906248,Downside
TNA_2025-05-23,TNA,2025-05-23,13,0.8144549804687501,0.71289349609375,0.10156148437500012,Downside
TNA_2025-05-30,TNA,2025-05-30,20,0.6536492968750001,0.6661817236328126,-0.01253242675781252,Upside
TNA_2025-06-06,TNA,2025-06-06,27,0.7078479736328126,0.6998727929687502,0.007975180664062442,Downside
TNA_2025-06-13,TNA,2025-06-13,34,0.6595086132812501,0.6717155224609376,-0.012206909179687475,Upside
TNA_2025-06-20,TNA,2025-06-20,41,0.7498397412109377,0.6888051953125002,0.06103454589843749,Downside
TNA_2025-07-18,TNA,2025-07-18,69,0.7472356005859376,0.6779817358398438,0.06925386474609385,Downside
TNA_2025-10-17,TNA,2025-10-17,160,0.7174507421874999,0.6506382592773439,0.06681248291015607,Downside
TNA_2026-01-16,TNA,2026-01-16,251,0.6940134765625001,0.6693555200195314,0.024657956542968762,Downside
TNA_2027-01-15,TNA,2027-01-15,615,0.6516148120117188,0.5782105981445312,0.07340421386718754,Downside
XLF_2025-05-16,XLF,2025-05-16,6,0.5725954199218751,0.27409580078124995,0.29849961914062517,Downside
XLF_2025-05-23,XLF,2025-05-23,13,0.41211525390625,0.538741591796875,-0.126626337890625,Upside
XLF_2025-05-30,XLF,2025-05-30,20,0.3920959228515624,0.37826142578125,0.013834497070312424,Downside
XLF_2025-06-06,XLF,2025-06-06,27,0.6585320605468751,0.346686220703125,0.3118458398437501,Downside
XLF_2025-06-13,XLF,2025-06-13,34,0.36865865722656244,0.3413151806640625,0.027343476562499913,Downside
XLF_2025-06-20,XLF,2025-06-20,41,0.2784902880859375,0.18962398925781251,0.088866298828125,Downside
XLF_2025-06-30,XLF,2025-06-30,51,0.40544214355468755,0.3643455493164063,0.04109659423828127,Downside
XLF_2025-07-18,XLF,2025-07-18,69,0.315111015625,0.19328606201171872,0.12182495361328127,Downside
XLF_2025-09-19,XLF,2025-09-19,132,0.28695374511718746,0.21143366699218746,0.075520078125,Downside
XLF_2025-09-30,XLF,2025-09-30,143,0.3637758935546875,0.3032296240234375,0.060546269531249974,Downside
XLF_2025-10-17,XLF,2025-10-17,160,0.32853861572265625,0.28158270507812494,0.04695591064453131,Downside
XLF_2025-12-19,XLF,2025-12-19,223,0.2962716857910156,0.2747875256347656,0.021484160156249987,Downside
XLF_2025-12-31,XLF,2025-12-31,235,0.2508212939453125,0.28406477661132806,-0.03324348266601557,Upside
XLF_2026-01-16,XLF,2026-01-16,251,0.32320826538085934,0.25586681640625003,0.06734144897460931,Downside
XLF_2026-03-20,XLF,2026-03-20,314,0.3077868701171874,0.3115506671142578,-0.0037637969970703566,Upside
XLF_2026-03-31,XLF,2026-03-31,325,0.35506829833984366,0.3268906829833984,0.02817761535644525,Downside
XLF_2026-06-18,XLF,2026-06-18,404,0.3591372680664063,0.2741161456298828,0.08502112243652349,Downside
XLF_2026-12-18,XLF,2026-12-18,587,0.2732006274414062,0.2912058184814453,-0.01800519104003906,Upside
XLF_2027-01-15,XLF,2027-01-15,615,0.2804637384033203,0.2799958068847656,0.0004679315185546762,Downside
XLF_2027-12-17,XLF,2027-12-17,951,0.25936613037109374,0.2580437152099609,0.0013224151611328505,Downside
XLK_2025-05-16,XLK,2025-05-16,6,0.41903250244140616,0.3195868823242187,0.09944562011718744,Downside
XLK_2025-05-23,XLK,2025-05-23,13,0.36243313354492185,0.5242967492675781,-0.16186361572265623,Upside
XLK_2025-05-30,XLK,2025-05-30,20,0.41386491088867183,0.35342036560058593,0.060444545288085905,Downside
XLK_2025-06-06,XLK,2025-06-06,27,0.4246476806640625,0.30465376342773437,0.11999391723632813,Downside
XLK_2025-06-13,XLK,2025-06-13,34,0.41746594909667967,0.30943480285644526,0.10803114624023441,Downside
XLK_2025-06-20,XLK,2025-06-20,41,0.3162503271484374,0.2582878533935547,0.057962473754882726,Downside
XLK_2025-09-19,XLK,2025-09-19,132,0.30377893493652336,0.26911131286621087,0.03466762207031249,Downside
XLK_2025-10-17,XLK,2025-10-17,160,0.2992318612670898,0.27747304565429687,0.021758815612792914,Downside
XLK_2025-12-19,XLK,2025-12-19,223,0.2909718527221679,0.2896494375610351,0.001322415161132795,Downside
XLK_2026-01-16,XLK,2026-01-16,251,0.2854583987426757,0.28792012542724604,-0.0024617266845703423,Upside
XLK_2026-03-20,XLK,2026-03-20,314,0.2779613220214843,0.30992307922363277,-0.031961757202148444,Upside
XLK_2026-06-18,XLK,2026-06-18,404,0.3274654249572754,0.3116422189331054,0.015823206024169978,Downside
XLK_2026-12-18,XLK,2026-12-18,587,0.25055172470092774,0.3080208358764648,-0.057469111175537047,Upside
XLK_2027-01-15,XLK,2027-01-15,615,0.2451399949645996,0.3018360018920898,-0.05669600692749022,Upside
XLK_2027-06-17,XLK,2027-06-17,768,0.16311465148925783,0.3140327386474609,-0.15091808715820307,Upside
XLK_2027-12-17,XLK,2027-12-17,951,0.23658498611450196,0.3276383561706543,-0.09105337005615233,Upside
XLE_2025-05-16,XLE,2025-05-16,6,0.437180107421875,0.41276628906249996,0.02441381835937506,Downside
XLE_2025-05-23,XLE,2025-05-23,13,0.4239966455078125,0.41667249999999995,0.007324145507812574,Downside
XLE_2025-05-30,XLE,2025-05-30,20,0.37874970214843745,0.33399103515625,0.044758666992187446,Downside
XLE_2025-06-06,XLE,2025-06-06,27,0.44149321533203123,0.5120491503906249,-0.0705559350585937,Upside
XLE_2025-06-13,XLE,2025-06-13,34,0.45256081298828127,0.3679262426757812,0.08463457031250005,Downside
XLE_2025-06-20,XLE,2025-06-20,41,0.32170274658203124,0.3065661791992187,0.015136567382812549,Downside
XLE_2025-06-30,XLE,2025-06-30,51,0.4413711462402344,0.32487654296874996,0.11649460327148442,Downside
XLE_2025-07-18,XLE,2025-07-18,69,0.43563389892578125,0.3173489489746093,0.11828494995117195,Downside
XLE_2025-08-15,XLE,2025-08-15,97,0.400071103515625,0.2782054602050781,0.12186564331054694,Downside
XLE_2025-09-19,XLE,2025-09-19,132,0.33873138488769533,0.3143379113769531,0.024393473510742225,Downside
XLE_2025-09-30,XLE,2025-09-30,143,0.41223732299804694,0.3072375592041015,0.10499976379394543,Downside
XLE_2025-12-19,XLE,2025-12-19,223,0.3536848486328125,0.2958240991210937,0.05786074951171882,Downside
XLE_2025-12-31,XLE,2025-12-31,235,0.3624738232421875,0.3038806591796875,0.058593164062500036,Downside
XLE_2026-01-16,XLE,2026-01-16,251,0.34640139282226556,0.31069618347167965,0.03570520935058591,Downside
XLE_2026-03-20,XLE,2026-03-20,314,0.3603986486816406,0.29665823791503904,0.06374041076660159,Downside
XLE_2026-03-31,XLE,2026-03-31,325,0.35936106140136714,0.31808136352539057,0.04127969787597657,Downside
XLE_2026-06-18,XLE,2026-06-18,404,0.23444369079589844,0.3264939584350586,-0.09205026763916013,Upside
XLE_2026-09-18,XLE,2026-09-18,496,0.32703309692382815,0.3311834460449218,-0.004150349121093633,Upside
XLE_2026-12-18,XLE,2026-12-18,587,0.31799998413085934,0.3226691268920898,-0.0046691427612304826,Upside
XLE_2027-01-15,XLE,2027-01-15,615,0.3149889465332031,0.3081327325439453,0.006856213989257787,Downside
XLE_2027-12-17,XLE,2027-12-17,951,0.2910023699951171,0.2878387460327148,0.0031636239624022733,Downside
XLU_2025-05-16,XLU,2025-05-16,6,0.463221513671875,0.42822837402343755,0.03499313964843742,Downside
XLU_2025-05-23,XLU,2025-05-23,13,0.3891662646484375,0.48047394531250004,-0.09130768066406253,Upside
XLU_2025-05-30,XLU,2025-05-30,20,0.2896392651367187,0.36035795898437506,-0.07071869384765633,Upside
XLU_2025-06-06,XLU,2025-06-06,27,0.3224351611328125,0.35278967529296873,-0.03035451416015622,Upside
XLU_2025-06-20,XLU,2025-06-20,41,0.2050046948242187,0.18758950439453126,0.01741519042968745,Downside
XLU_2025-09-19,XLU,2025-09-19,132,0.30811238769531246,0.3073392834472656,0.0007731042480468853,Downside
XLU_2025-10-17,XLU,2025-10-17,160,0.2963123754882812,0.18840329833984373,0.10790907714843748,Downside
XLU_2025-12-19,XLU,2025-12-19,223,0.2978178942871093,0.1912108874511719,0.1066070068359374,Downside
XLU_2026-01-16,XLU,2026-01-16,251,0.24587749572753906,0.20445538391113283,0.04142211181640623,Downside
XLU_2026-06-18,XLU,2026-06-18,404,0.2289302368164062,0.26864338134765625,-0.03971314453125005,Upside
XLU_2026-12-18,XLU,2026-12-18,587,0.17975673767089848,0.18006191040039063,-0.00030517272949215357,Upside
XLU_2027-01-15,XLU,2027-01-15,615,0.16148706359863282,0.17670501037597655,-0.015217946777343727,Upside
XLV_2025-05-16,XLV,2025-05-16,6,0.4840546386718751,0.5186408813476563,-0.0345862426757812,Upside
XLV_2025-05-23,XLV,2025-05-23,13,0.560876787109375,0.47282428222656253,0.08805250488281252,Downside
XLV_2025-05-30,XLV,2025-05-30,20,0.28268132690429687,0.5207974353027344,-0.2381161083984375,Upside
XLV_2025-06-06,XLV,2025-06-06,27,0.4227352648925782,0.4659477233886718,-0.04321245849609362,Upside
XLV_2025-06-20,XLV,2025-06-20,41,0.27763580444335934,0.20215641601562498,0.07547938842773436,Downside
XLV_2025-09-19,XLV,2025-09-19,132,0.27088131469726556,0.21397677307128907,0.056904541625976496,Downside
XLV_2025-10-17,XLV,2025-10-17,160,0.2743806286621093,0.22406781799316408,0.050312810668945246,Downside
XLV_2025-12-19,XLV,2025-12-19,223,0.2527133648681641,0.21151504638671872,0.04119831848144537,Downside
XLV_2026-01-16,XLV,2026-01-16,251,0.22246057495117189,0.24668111724853517,-0.024220542297363284,Upside
XLV_2027-01-15,XLV,2027-01-15,615,0.2013426220703125,0.27663890686035153,-0.07529628479003903,Upside
XLP_2025-05-16,XLP,2025-05-16,6,0.46175668457031244,0.6547886083984374,-0.193031923828125,Upside
XLP_2025-05-23,XLP,2025-05-23,13,0.5714561083984376,0.5414271118164063,0.030028996582031287,Downside
XLP_2025-05-30,XLP,2025-05-30,20,0.5520878125,0.27661856201171875,0.2754692504882813,Downside
XLP_2025-06-06,XLP,2025-06-06,27,0.39526971923828125,0.2515943981933594,0.14367532104492187,Downside
XLP_2025-06-13,XLP,2025-06-13,34,0.574772318725586,0.3844462597656251,0.1903260589599609,Downside
XLP_2025-06-20,XLP,2025-06-20,41,0.21680470703125,0.3793600476074219,-0.16255534057617194,Upside
XLP_2025-09-19,XLP,2025-09-19,132,0.24221542297363277,0.29374892456054685,-0.05153350158691408,Upside
XLP_2025-10-17,XLP,2025-10-17,160,0.2718578674316406,0.214526083984375,0.05733178344726558,Downside
XLP_2025-12-19,XLP,2025-12-19,223,0.3068713519287109,0.19554434020996095,0.11132701171874995,Downside
XLP_2026-01-16,XLP,2026-01-16,251,0.2469354278564453,0.1684450018310547,0.07849042602539058,Downside
XLP_2027-01-15,XLP,2027-01-15,615,0.20636779968261718,0.26435061828613277,-0.05798281860351559,Upside
XLI_2025-05-16,XLI,2025-05-16,6,0.463221513671875,0.480799462890625,-0.01757794921875,Upside
XLI_2025-05-30,XLI,2025-05-30,20,0.41923595092773436,0.23438265625,0.18485329467773437,Downside
XLI_2025-06-20,XLI,2025-06-20,41,0.42033457275390623,0.3558820922851562,0.06445248046875002,Downside
XLI_2025-09-19,XLI,2025-09-19,132,0.2699454516601562,0.2846344323730468,-0.014688980712890598,Upside
XLI_2025-12-19,XLI,2025-12-19,223,0.19018347259521481,0.2608716491699219,-0.07068817657470708,Upside
XLI_2026-01-16,XLI,2026-01-16,251,0.26723958679199217,0.2536085382080078,0.01363104858398434,Downside
XLI_2026-03-20,XLI,2026-03-20,314,0.09284354431152343,0.1798482894897461,-0.08700474517822267,Upside
XLI_2026-06-18,XLI,2026-06-18,404,0.3060880752563477,0.2742382147216797,0.031849860534667984,Downside
XLI_2026-12-18,XLI,2026-12-18,587,0.2525404336547852,0.2472100833129883,0.00533035034179688,Downside
XLI_2027-01-15,XLI,2027-01-15,615,0.21687591400146486,0.2704235556030273,-0.05354764160156242,Upside
XLB_2025-05-16,XLB,2025-05-16,6,0.61654029296875,0.6207720214843749,-0.004231728515624922,Upside
XLB_2025-05-23,XLB,2025-05-23,13,0.5604698901367188,0.5660036889648438,-0.005533798828124992,Upside
XLB_2025-05-30,XLB,2025-05-30,20,0.4780325634765625,0.6025430371093752,-0.1245104736328127,Upside
XLB_2025-06-20,XLB,2025-06-20,41,0.38346970703125,0.2735668347167968,0.10990287231445317,Downside
XLB_2025-09-19,XLB,2025-09-19,132,0.3223537817382813,0.3078072149658203,0.014546566772460967,Downside
XLB_2025-12-19,XLB,2025-12-19,223,0.30634238586425777,0.27948718566894526,0.026855200195312512,Downside
XLB_2026-01-16,XLB,2026-01-16,251,0.29108374938964837,0.27958890991210933,0.011494839477539043,Downside
XLB_2027-01-15,XLB,2027-01-15,615,0.19778227355957026,0.27884632293701167,-0.08106404937744141,Upside
XLY_2025-05-16,XLY,2025-05-16,6,0.36304347900390627,0.33350275878906244,0.02954072021484383,Downside
XLY_2025-05-23,XLY,2025-05-23,13,0.43693596923828126,0.5747519738769532,-0.13781600463867194,Upside
XLY_2025-05-30,XLY,2025-05-30,20,0.5074105249023438,0.5126391510009766,-0.005228626098632727,Upside
XLY_2025-06-06,XLY,2025-06-06,27,0.4888560229492187,0.41471939453125,0.0741366284179687,Downside
XLY_2025-06-20,XLY,2025-06-20,41,0.3240830938720703,0.26660889648437497,0.057474197387695325,Downside
XLY_2025-09-19,XLY,2025-09-19,132,0.31908843353271477,0.2897918515014648,0.029296582031249963,Downside
XLY_2025-12-19,XLY,2025-12-19,223,0.2971465142822265,0.29656668609619136,0.0005798281860351362,Downside
XLY_2026-01-16,XLY,2026-01-16,251,0.28770650451660157,0.2952137536621093,-0.007507249145507711,Upside
XLY_2026-12-18,XLY,2026-12-18,587,0.25787078399658203,0.29885039535522456,-0.04097961135864253,Upside
XLY_2027-01-15,XLY,2027-01-15,615,0.2485426708984375,0.2967803070068359,-0.048237636108398374,Upside
XLRE_2025-05-16,XLRE,2025-05-16,6,0.48307808593749996,0.48047394531250004,0.0026041406249999177,Downside
XLRE_2025-06-20,XLRE,2025-06-20,41,0.33073585937499994,0.2820709814453125,0.04866487792968743,Downside
XLRE_2025-08-15,XLRE,2025-08-15,97,0.3523013989257813,0.26563234374999994,0.08666905517578133,Downside
XLRE_2025-11-21,XLRE,2025-11-21,195,0.4705863488769532,0.4017800708007812,0.06880627807617201,Downside
XLRE_2026-01-16,XLRE,2026-01-16,251,0.34042000732421873,0.35006346557617185,-0.009643458251953119,Upside
XLRE_2027-01-15,XLRE,2027-01-15,615,0.3064644549560547,0.22954058227539065,0.07692387268066403,Downside
XBI_2025-05-16,XBI,2025-05-16,6,0.5014698291015626,0.4200904345703125,0.0813793945312501,Downside
XBI_2025-05-23,XBI,2025-05-23,13,0.46753462158203124,0.4064186962890625,0.06111592529296872,Downside
XBI_2025-05-30,XBI,2025-05-30,20,0.4322159643554688,0.3985248950195312,0.033691069335937573,Downside
XBI_2025-06-06,XBI,2025-06-06,27,0.44352770019531257,0.38257453369140615,0.06095316650390642,Downside
XBI_2025-06-13,XBI,2025-06-13,34,0.41919526123046874,0.369472451171875,0.04972281005859375,Downside
XBI_2025-06-20,XBI,2025-06-20,41,0.445643564453125,0.35014484497070314,0.09549871948242183,Downside
XBI_2025-07-18,XBI,2025-07-18,69,0.41024352783203116,0.3545800219726562,0.05566350585937496,Downside
XBI_2025-08-15,XBI,2025-08-15,97,0.39535109863281254,0.3516910534667968,0.04366004516601574,Downside
XBI_2025-09-19,XBI,2025-09-19,132,0.34269863037109366,0.3547427807617187,-0.012044150390625064,Upside
XBI_2025-10-17,XBI,2025-10-17,160,0.2839833972167969,0.3584862329101562,-0.0745028356933593,Upside
XBI_2025-12-19,XBI,2025-12-19,223,0.3267279241943359,0.36180244323730465,-0.035074519042968766,Upside
XBI_2026-01-16,XBI,2026-01-16,251,0.31787791503906243,0.4010680010986328,-0.08319008605957035,Upside
XBI_2026-03-20,XBI,2026-03-20,314,0.2958240991210937,0.3657696887207031,-0.06994558959960939,Upside
XBI_2026-06-18,XBI,2026-06-18,404,0.31783722534179687,0.3706931420898438,-0.052855916748046905,Upside
XBI_2026-12-18,XBI,2026-12-18,587,0.2860382269287109,0.24807473937988286,0.03796348754882803,Downside
XBI_2027-01-15,XBI,2027-01-15,615,0.28318994812011716,0.23449455291748045,0.048695395202636715,Downside
XBI_2027-12-17,XBI,2027-12-17,951,0.2591016473388672,0.34738811798095703,-0.08828647064208983,Upside
IBB_2025-05-16,IBB,2025-05-16,6,0.6300492724609376,0.39632765136718745,0.2337216210937501,Downside
IBB_2025-06-20,IBB,2025-06-20,41,0.393560751953125,0.28162339477539056,0.11193735717773445,Downside
IBB_2025-07-18,IBB,2025-07-18,69,0.35405105590820307,0.28318994812011716,0.07086110778808591,Downside
IBB_2025-09-19,IBB,2025-09-19,132,0.33189551574707027,0.29802134277343745,0.03387417297363282,Downside
IBB_2025-10-17,IBB,2025-10-17,160,0.30685100708007806,0.2916940948486328,0.015156912231445274,Downside
IBB_2025-12-19,IBB,2025-12-19,223,0.3213161944580078,0.2869334002685547,0.034382794189453114,Downside
IBB_2026-01-16,IBB,2026-01-16,251,0.2786835641479492,0.49668878967285157,-0.21800522552490237,Upside
IBB_2027-01-15,IBB,2027-01-15,615,0.18201501586914062,0.30673911041259766,-0.12472409454345704,Upside
AAPL_2025-05-16,AAPL,2025-05-16,6,0.4109759423828125,0.35653312744140625,0.05444281494140624,Downside
AAPL_2025-05-23,AAPL,2025-05-23,13,0.40300076171875004,0.3343979321289063,0.06860282958984376,Downside
AAPL_2025-05-30,AAPL,2025-05-30,20,0.3754538366699218,0.3120592883300781,0.0633945483398437,Downside
AAPL_2025-06-06,AAPL,2025-06-06,27,0.36971658935546875,0.30937376831054686,0.06034282104492189,Downside
AAPL_2025-06-13,AAPL,2025-06-13,34,0.3683941741943359,0.3106758386230468,0.05771833557128908,Downside
AAPL_2025-06-20,AAPL,2025-06-20,41,0.3570620935058593,0.30611859252929685,0.05094350097656247,Downside
AAPL_2025-07-18,AAPL,2025-07-18,69,0.3394434545898437,0.3059151440429687,0.033528310546874995,Downside
AAPL_2025-08-15,AAPL,2025-08-15,97,0.3418848364257812,0.32084826293945307,0.021036573486328147,Downside
AAPL_2025-09-19,AAPL,2025-09-19,132,0.32883361602783195,0.31994291717529294,0.008890698852539014,Downside
AAPL_2025-10-17,AAPL,2025-10-17,160,0.3224656784057617,0.32179429840087886,0.0006713800048828156,Downside
AAPL_2025-12-19,AAPL,2025-12-19,223,0.31134721862792963,0.32736878692626953,-0.016021568298339894,Upside
AAPL_2026-01-16,AAPL,2026-01-16,251,0.30516238464355466,0.32764344238281246,-0.022481057739257793,Upside
AAPL_2026-03-20,AAPL,2026-03-20,314,0.29739065246582025,0.32500878448486326,-0.027618132019043007,Upside
AAPL_2026-06-18,AAPL,2026-06-18,404,0.2910634045410156,0.33635612380981444,-0.04529271926879885,Upside
AAPL_2026-12-18,AAPL,2026-12-18,587,0.2789277023315429,0.3393468165588378,-0.0604191142272949,Upside
AAPL_2027-01-15,AAPL,2027-01-15,615,0.27648632049560545,0.34005888626098635,-0.0635725657653809,Upside
AAPL_2027-06-17,AAPL,2027-06-17,768,0.2674125180053711,0.3422459574890136,-0.07483343948364252,Upside
AAPL_2027-12-17,AAPL,2027-12-17,951,0.26403018692016605,0.35558200576782223,-0.09155181884765617,Upside
MSFT_2025-05-16,MSFT,2025-05-16,6,0.3190172265624999,0.21468884277343747,0.10432838378906245,Downside
MSFT_2025-05-23,MSFT,2025-05-23,13,0.28406477661132806,0.2098060791015625,0.07425869750976558,Downside
MSFT_2025-05-30,MSFT,2025-05-30,20,0.2662019995117188,0.1900308862304688,0.07617111328125001,Downside
MSFT_2025-06-06,MSFT,2025-06-06,27,0.25623302368164064,0.2052488330078125,0.050984190673828145,Downside
MSFT_2025-06-13,MSFT,2025-06-13,34,0.26411665252685546,0.19719227294921873,0.06692437957763672,Downside
MSFT_2025-06-20,MSFT,2025-06-20,41,0.24767801483154298,0.19707020385742188,0.05060781097412109,Downside
MSFT_2025-07-18,MSFT,2025-07-18,69,0.26068854553222653,0.22145350494384766,0.03923504058837887,Downside
MSFT_2025-08-15,MSFT,2025-08-15,97,0.26916217498779293,0.26001207931518555,0.009150095672607383,Downside
MSFT_2025-09-19,MSFT,2025-09-19,132,0.27324640335083,0.2670564831542969,0.006189920196533083,Downside
MSFT_2025-10-17,MSFT,2025-10-17,160,0.2545494874572754,0.2667309655761719,-0.012181478118896472,Upside
MSFT_2025-12-19,MSFT,2025-12-19,223,0.25106543212890625,0.28472089797973626,-0.03365546585083001,Upside
MSFT_2026-01-16,MSFT,2026-01-16,251,0.24721516952514647,0.2830780514526367,-0.03586288192749024,Upside
MSFT_2026-03-20,MSFT,2026-03-20,314,0.25057461265563963,0.28452253570556635,-0.03394792304992672,Upside
MSFT_2026-06-18,MSFT,2026-06-18,404,0.23988593780517575,0.29561556442260734,-0.05572962661743158,Upside
MSFT_2026-12-18,MSFT,2026-12-18,587,0.23987830848693845,0.30640850662231445,-0.066530198135376,Upside
MSFT_2027-01-15,MSFT,2027-01-15,615,0.23851011741638184,0.3069679899597168,-0.06845787254333496,Upside
MSFT_2027-06-17,MSFT,2027-06-17,768,0.23531343307495114,0.31011126907348635,-0.0747978359985352,Upside
MSFT_2027-12-17,MSFT,2027-12-17,951,0.22881325393676757,0.3199429171752929,-0.09112966323852531,Upside
AMZN_2025-05-16,AMZN,2025-05-16,6,0.4122780126953125,0.3508365698242187,0.06144144287109382,Downside
AMZN_2025-05-23,AMZN,2025-05-23,13,0.39779248046875004,0.3302475830078125,0.06754489746093756,Downside
AMZN_2025-05-30,AMZN,2025-05-30,20,0.37195452270507806,0.30855997436523436,0.0633945483398437,Downside
AMZN_2025-06-06,AMZN,2025-06-06,27,0.36251451293945314,0.3064847998046875,0.056029713134765624,Downside
AMZN_2025-06-13,AMZN,2025-06-13,34,0.35576002319335936,0.32284205810546873,0.03291796508789063,Downside
AMZN_2025-06-20,AMZN,2025-06-20,41,0.34874105041503906,0.30223272644042964,0.04650832397460941,Downside
AMZN_2025-07-18,AMZN,2025-07-18,69,0.33730724548339835,0.3117744604492187,0.02553278503417966,Downside
AMZN_2025-08-15,AMZN,2025-08-15,97,0.35429519409179683,0.34779501495361326,0.0065001791381835705,Downside
AMZN_2025-09-19,AMZN,2025-09-19,132,0.339423109741211,0.34663535858154293,-0.007212248840331947,Upside
AMZN_2025-10-17,AMZN,2025-10-17,160,0.3314784463500976,0.34881225738525384,-0.017333811035156244,Upside
AMZN_2025-11-21,AMZN,2025-11-21,195,0.3355474160766601,0.3636029623413086,-0.028055546264648512,Upside
AMZN_2025-12-19,AMZN,2025-12-19,223,0.327806201171875,0.3628298580932617,-0.0350236569213867,Upside
AMZN_2026-01-16,AMZN,2026-01-16,251,0.320644814453125,0.3604495108032226,-0.03980469635009759,Upside
AMZN_2026-03-20,AMZN,2026-03-20,314,0.3141751525878906,0.3687400366210937,-0.05456488403320314,Upside
AMZN_2026-06-18,AMZN,2026-06-18,404,0.307023938293457,0.3772289247131348,-0.07020498641967782,Upside
AMZN_2026-12-18,AMZN,2026-12-18,587,0.2971109107971191,0.38862203994750977,-0.09151112915039067,Upside
AMZN_2027-01-15,AMZN,2027-01-15,615,0.29437961486816405,0.38943074768066405,-0.0950511328125,Upside
AMZN_2027-06-17,AMZN,2027-06-17,768,0.2912109046936034,0.3974110145568847,-0.10620010986328132,Upside
AMZN_2027-12-17,AMZN,2027-12-17,951,0.2811351184082031,0.4068103346252441,-0.12567521621704097,Upside
GOOGL_2025-05-16,GOOGL,2025-05-16,6,0.3592186474609374,0.3419662158203125,0.0172524316406249,Downside
GOOGL_2025-05-23,GOOGL,2025-05-23,13,0.385748330078125,0.34400070068359373,0.04174762939453125,Downside
GOOGL_2025-05-30,GOOGL,2025-05-30,20,0.35905588867187505,0.31527377441406246,0.04378211425781259,Downside
GOOGL_2025-06-06,GOOGL,2025-06-06,27,0.35006346557617185,0.3101061828613281,0.03995728271484378,Downside
GOOGL_2025-06-13,GOOGL,2025-06-13,34,0.34599449584960934,0.30428755615234376,0.04170693969726558,Downside
GOOGL_2025-06-20,GOOGL,2025-06-20,41,0.33675793457031244,0.29557996093749994,0.0411779736328125,Downside
GOOGL_2025-07-18,GOOGL,2025-07-18,69,0.3210517114257812,0.29879444702148433,0.022257264404296873,Downside
GOOGL_2025-08-15,GOOGL,2025-08-15,97,0.34123380126953123,0.334743794555664,0.006490006713867236,Downside
GOOGL_2025-09-19,GOOGL,2025-09-19,132,0.3285182708740234,0.33055275573730464,-0.0020344848632812274,Upside
GOOGL_2025-10-17,GOOGL,2025-10-17,160,0.32048205566406246,0.33203792968749996,-0.011555874023437496,Upside
GOOGL_2025-11-21,GOOGL,2025-11-21,195,0.3219875744628906,0.3459029440307617,-0.023915369567871103,Upside
GOOGL_2025-12-19,GOOGL,2025-12-19,223,0.3167792932128906,0.3425562164306641,-0.025776923217773473,Upside
GOOGL_2026-01-16,GOOGL,2026-01-16,251,0.31027911407470704,0.3430750100708007,-0.03279589599609367,Upside
GOOGL_2026-03-20,GOOGL,2026-03-20,314,0.3044096252441406,0.34960570648193356,-0.04519608123779295,Upside
GOOGL_2026-06-18,GOOGL,2026-06-18,404,0.29655651367187497,0.35602450622558585,-0.05946799255371088,Upside
GOOGL_2026-09-18,GOOGL,2026-09-18,496,0.302192036743164,0.3756267678833008,-0.07343473114013677,Upside
GOOGL_2026-12-18,GOOGL,2026-12-18,587,0.2892272819519042,0.36693443130493164,-0.07770714935302742,Upside
GOOGL_2027-01-15,GOOGL,2027-01-15,615,0.2876607286071777,0.36874512283325195,-0.08108439422607427,Upside
GOOGL_2027-06-17,GOOGL,2027-06-17,768,0.2936166830444335,0.3822744471740722,-0.08865776412963872,Upside
GOOGL_2027-12-17,GOOGL,2027-12-17,951,0.28511253631591793,0.38775738388061526,-0.10264484756469733,Upside
META_2025-05-16,META,2025-05-16,6,0.3940693731689453,0.3447738049316406,0.04929556823730469,Downside
META_2025-05-23,META,2025-05-23,13,0.37269710968017583,0.3315801705932617,0.041116939086914106,Downside
META_2025-05-30,META,2025-05-30,20,0.35626864440917966,0.3250393017578125,0.031229342651367176,Downside
META_2025-06-06,META,2025-06-06,27,0.3530439859008789,0.33474379455566394,0.018300191345214933,Downside
META_2025-06-13,META,2025-06-13,34,0.3496972583007812,0.34289190643310546,0.006805351867675724,Downside
META_2025-06-20,META,2025-06-20,41,0.3458571681213378,0.32967792724609374,0.016179240875244083,Downside
META_2025-07-18,META,2025-07-18,69,0.3381566429138183,0.3378769012451172,0.0002797416687010945,Downside
META_2025-08-15,META,2025-08-15,97,0.3784394432067872,0.3882914361572265,-0.009851992950439314,Upside
META_2025-09-19,META,2025-09-19,132,0.3591525267028808,0.38520410537719724,-0.026051578674316456,Upside
META_2025-10-17,META,2025-10-17,160,0.35191993301391594,0.3898478170776367,-0.037927884063720774,Upside
META_2025-11-21,META,2025-11-21,195,0.36604943038940424,0.4064110669708252,-0.040361636581420945,Upside
META_2025-12-19,META,2025-12-19,223,0.35423670265197743,0.3987512314605713,-0.044514528808593856,Upside
META_2026-01-16,META,2026-01-16,251,0.35188178642272944,0.3979781272125244,-0.046096340789794965,Upside
META_2026-03-20,META,2026-03-20,314,0.3483723000335693,0.40658654129028315,-0.05821424125671387,Upside
META_2026-06-18,META,2026-06-18,404,0.3422866471862793,0.41147693428039545,-0.06919028709411612,Upside
META_2026-12-18,META,2026-12-18,587,0.33116310119628906,0.4188570281219482,-0.08769392692565914,Upside
META_2027-01-15,META,2027-01-15,615,0.3288310729217529,0.4189574808120727,-0.09012640789031978,Upside
META_2027-12-17,META,2027-12-17,951,0.3151771363830566,0.43099400188446046,-0.11581686550140385,Upside
NVDA_2025-05-16,NVDA,2025-05-16,6,0.4598035791015625,0.4289607885742188,0.030842790527343678,Downside
NVDA_2025-05-23,NVDA,2025-05-23,13,0.45117736328124997,0.42619388916015627,0.024983474121093696,Downside
NVDA_2025-05-30,NVDA,2025-05-30,20,0.5690554162597657,0.5525760888671877,0.01647932739257807,Downside
NVDA_2025-06-06,NVDA,2025-06-06,27,0.5428512512207032,0.5277960632324219,0.015055187988281316,Downside
NVDA_2025-06-13,NVDA,2025-06-13,34,0.5217332983398436,0.5085498364257812,0.013183461914062389,Downside
NVDA_2025-06-20,NVDA,2025-06-20,41,0.5034636242675782,0.5008594836425782,0.0026041406250000287,Downside
NVDA_2025-07-18,NVDA,2025-07-18,69,0.4842580871582032,0.47530635375976565,0.008951733398437522,Downside
NVDA_2025-08-15,NVDA,2025-08-15,97,0.4703422106933594,0.47394324890136724,-0.003601038208007834,Upside
NVDA_2025-09-19,NVDA,2025-09-19,132,0.4735973864746094,0.5046639703369141,-0.03106658386230471,Upside
NVDA_2025-10-17,NVDA,2025-10-17,160,0.46800255310058597,0.49595637512207036,-0.027953822021484387,Upside
NVDA_2025-11-21,NVDA,2025-11-21,195,0.4648287567138672,0.5026498303222656,-0.037821073608398426,Upside
NVDA_2025-12-19,NVDA,2025-12-19,223,0.4513197772216797,0.5100960449218751,-0.058776267700195395,Upside
NVDA_2026-01-16,NVDA,2026-01-16,251,0.4420832159423828,0.5069425933837891,-0.0648593774414063,Upside
NVDA_2026-03-20,NVDA,2026-03-20,314,0.4443821838378906,0.5082446636962891,-0.06386247985839849,Upside
NVDA_2026-06-18,NVDA,2026-06-18,404,0.4283606155395508,0.5175422595214844,-0.08918164398193357,Upside
NVDA_2026-09-18,NVDA,2026-09-18,496,0.4272213040161133,0.5157519128417968,-0.08853060882568348,Upside
NVDA_2026-12-18,NVDA,2026-12-18,587,0.4146990496826171,0.5231167480468749,-0.1084176983642578,Upside
NVDA_2027-01-15,NVDA,2027-01-15,615,0.4176388803100586,0.5183153637695312,-0.10067648345947267,Upside
NVDA_2027-06-17,NVDA,2027-06-17,768,0.4055845574951172,0.5180305358886718,-0.11244597839355458,Upside
NVDA_2027-12-17,NVDA,2027-12-17,951,0.3909769561767578,0.5157926025390625,-0.12481564636230463,Upside
AMD_2025-05-16,AMD,2025-05-16,6,0.5014698291015626,0.519210537109375,-0.017740708007812467,Upside
AMD_2025-05-23,AMD,2025-05-23,13,0.48568222656250004,0.46257047851562505,0.02311174804687499,Downside
AMD_2025-05-30,AMD,2025-05-30,20,0.4770560107421875,0.4606987524414063,0.01635725830078122,Downside
AMD_2025-06-06,AMD,2025-06-06,27,0.4682670361328125,0.4606987524414063,0.007568283691406219,Downside
AMD_2025-06-13,AMD,2025-06-13,34,0.47302773071289067,0.4675346215820313,0.005493109130859375,Downside
AMD_2025-06-20,AMD,2025-06-20,41,0.4792532543945313,0.45219460571289066,0.02705864868164065,Downside
AMD_2025-07-18,AMD,2025-07-18,69,0.46151254638671874,0.4524387438964845,0.009073802490234262,Downside
AMD_2025-08-15,AMD,2025-08-15,97,0.4814098083496094,0.48608912353515626,-0.004679315185546873,Upside
AMD_2025-09-19,AMD,2025-09-19,132,0.4628146166992188,0.48167429138183593,-0.018859674682617122,Upside
AMD_2025-10-17,AMD,2025-10-17,160,0.4530083996582032,0.48033153137207035,-0.027323131713867133,Upside
AMD_2025-11-21,AMD,2025-11-21,195,0.45780978393554683,0.4939829248046876,-0.03617314086914075,Upside
AMD_2025-12-19,AMD,2025-12-19,223,0.4495090856933593,0.4914194738769531,-0.04191038818359383,Upside
AMD_2026-01-16,AMD,2026-01-16,251,0.44163562927246097,0.48885602294921887,-0.0472203936767579,Upside
AMD_2026-02-20,AMD,2026-02-20,286,0.4409642492675781,0.49565120239257815,-0.05468695312500005,Upside
AMD_2026-03-20,AMD,2026-03-20,314,0.4355932092285157,0.4951222363281251,-0.05952902709960939,Upside
AMD_2026-06-18,AMD,2026-06-18,404,0.42779095977783205,0.501256208190918,-0.07346524841308594,Upside
AMD_2026-12-18,AMD,2026-12-18,587,0.41577732666015627,0.5103401831054687,-0.09456285644531243,Upside
AMD_2027-01-15,AMD,2027-01-15,615,0.4137428417968751,0.5110827700805665,-0.09733992828369137,Upside
AMD_2027-06-17,AMD,2027-06-17,768,0.40705955902099616,0.5129850134277344,-0.10592545440673823,Upside
AMD_2027-12-17,AMD,2027-12-17,951,0.39491368438720703,0.5244391632080078,-0.12952547882080073,Upside
TSM_2025-05-16,TSM,2025-05-16,6,0.43669183105468745,0.40169869140625,0.03499313964843748,Downside
TSM_2025-05-23,TSM,2025-05-23,13,0.4210262976074219,0.3977517907714844,0.02327450683593746,Downside
TSM_2025-05-30,TSM,2025-05-30,20,0.4139462902832032,0.3948221325683594,0.01912415771484377,Downside
TSM_2025-06-06,TSM,2025-06-06,27,0.40662214477539066,0.40283800292968747,0.003784141845703193,Downside
TSM_2025-06-13,TSM,2025-06-13,34,0.4434463208007813,0.3857890197753906,0.057657301025390684,Downside
TSM_2025-06-20,TSM,2025-06-20,41,0.39754834228515623,0.36839417419433595,0.029154168090820276,Downside
TSM_2025-07-18,TSM,2025-07-18,69,0.406581455078125,0.39433385620117195,0.012247598876953036,Downside
TSM_2025-08-15,TSM,2025-08-15,97,0.393011441040039,0.3933369586181641,-0.00032551757812510074,Upside
TSM_2025-09-19,TSM,2025-09-19,132,0.3855041918945312,0.39396764892578123,-0.00846345703125001,Upside
TSM_2025-10-17,TSM,2025-10-17,160,0.38506677764892566,0.4019530020141602,-0.016886224365234515,Upside
TSM_2025-11-21,TSM,2025-11-21,195,0.37955332366943356,0.4023090368652344,-0.02275571319580083,Upside
TSM_2025-12-19,TSM,2025-12-19,223,0.3723715921020508,0.4012612771606445,-0.02888968505859374,Upside
TSM_2026-01-16,TSM,2026-01-16,251,0.3718426260375976,0.4034483483886719,-0.031605722351074284,Upside
TSM_2026-03-20,TSM,2026-03-20,314,0.3633486517333984,0.40264472686767583,-0.03929607513427741,Upside
TSM_2026-06-18,TSM,2026-06-18,404,0.3631452032470703,0.4090991300964355,-0.04595392684936522,Upside
TSM_2026-12-18,TSM,2026-12-18,587,0.35799287033081056,0.4202735382080078,-0.062280667877197216,Upside
TSM_2027-01-15,TSM,2027-01-15,615,0.35801321517944334,0.4244950942993164,-0.06648187911987308,Upside
ADBE_2025-05-16,ADBE,2025-05-16,6,0.35677726562499995,0.3131172204589843,0.043660045166015626,Downside
ADBE_2025-05-23,ADBE,2025-05-23,13,0.34180345703125,0.29960824096679683,0.042195216064453145,Downside
ADBE_2025-05-30,ADBE,2025-05-30,20,0.3406031109619141,0.2884796087646484,0.05212350219726569,Downside
ADBE_2025-06-06,ADBE,2025-06-06,27,0.3283555120849609,0.2810944287109374,0.04726108337402346,Downside
ADBE_2025-06-13,ADBE,2025-06-13,34,0.45073994903564457,0.4260616476440429,0.024678301391601654,Downside
ADBE_2025-06-20,ADBE,2025-06-20,41,0.4224097473144532,0.4037331762695313,0.018676571044921875,Downside
ADBE_2025-07-18,ADBE,2025-07-18,69,0.36979796874999993,0.3762269409179688,-0.006428972167968894,Upside
ADBE_2025-08-15,ADBE,2025-08-15,97,0.3495294132995605,0.3738567660522461,-0.024327352752685605,Upside
ADBE_2025-09-19,ADBE,2025-09-19,132,0.37127297027587897,0.38840841903686524,-0.01713544876098627,Upside
ADBE_2025-10-17,ADBE,2025-10-17,160,0.3517215707397461,0.3818726364135742,-0.030151065673828137,Upside
ADBE_2026-01-16,ADBE,2026-01-16,251,0.33617810638427725,0.3839630696105956,-0.04778496322631837,Upside
ADBE_2026-03-20,ADBE,2026-03-20,314,0.332940732345581,0.3901987657165527,-0.057258033370971684,Upside
ADBE_2026-06-18,ADBE,2026-06-18,404,0.3226945579528808,0.39158730163574224,-0.06889274368286141,Upside
ADBE_2026-12-18,ADBE,2026-12-18,587,0.31209743492126457,0.4008594664001464,-0.08876203147888184,Upside
ADBE_2027-01-15,ADBE,2027-01-15,615,0.31400222137451167,0.40100188034057616,-0.08699965896606449,Upside
ADBE_2027-12-17,ADBE,2027-12-17,951,0.29610384078979485,0.4201641846466065,-0.12406034385681164,Upside
NOW_2025-05-16,NOW,2025-05-16,6,0.4234676794433594,0.34646242736816407,0.07700525207519532,Downside
NOW_2025-05-23,NOW,2025-05-23,13,0.35902537139892576,0.33097999755859375,0.02804537384033201,Downside
NOW_2025-05-30,NOW,2025-05-30,20,0.36236192657470706,0.3355982781982421,0.026763648376464944,Downside
NOW_2025-06-06,NOW,2025-06-06,27,0.358455715637207,0.35871511245727544,-0.0002593968200684249,Upside
NOW_2025-06-13,NOW,2025-06-13,34,0.35983916534423827,0.3634096862792969,-0.0035705209350586076,Upside
NOW_2025-06-20,NOW,2025-06-20,41,0.34077604217529295,0.32109240112304677,0.01968364105224618,Downside
NOW_2025-07-18,NOW,2025-07-18,69,0.34633527206420894,0.35273881317138667,-0.006403541107177724,Upside
NOW_2025-08-15,NOW,2025-08-15,97,0.3920450607299805,0.4000049827575684,-0.007959922027587885,Upside
NOW_2025-09-19,NOW,2025-09-19,132,0.373604998550415,0.39233243171691895,-0.018727433166503937,Upside
NOW_2025-10-17,NOW,2025-10-17,160,0.3613879169464111,0.38913574737548823,-0.027747830429077136,Upside
NOW_2025-11-21,NOW,2025-11-21,195,0.3634096862792969,0.41174014575958245,-0.04833045948028558,Upside
NOW_2026-01-16,NOW,2026-01-16,251,0.3518538122558594,0.4031075721740723,-0.051253759918212904,Upside
NOW_2026-03-20,NOW,2026-03-20,314,0.3501219570159912,0.4261989753723145,-0.0760770183563233,Upside
NOW_2026-06-18,NOW,2026-06-18,404,0.12478877132415771,0.4290917585372925,-0.30430298721313476,Upside
NOW_2026-12-18,NOW,2026-12-18,587,0.33989231281280513,0.2943351105117798,0.045557202301025335,Downside
NOW_2027-01-15,NOW,2027-01-15,615,0.336094183883667,0.4386423934173584,-0.10254820953369137,Upside
NOW_2027-06-17,NOW,2027-06-17,768,0.3531698696517944,0.44080911979675297,-0.08763925014495855,Upside
PLTR_2025-05-16,PLTR,2025-05-16,6,0.6436396313476562,0.642256181640625,0.0013834497070311924,Downside
PLTR_2025-05-23,PLTR,2025-05-23,13,0.6275672009277343,0.6261430615234376,0.0014241394042967537,Downside
PLTR_2025-05-30,PLTR,2025-05-30,20,0.608198905029297,0.6115354602050782,-0.0033365551757812417,Upside
PLTR_2025-06-06,PLTR,2025-06-06,27,0.6096230444335939,0.5935099243164063,0.016113120117187685,Downside
PLTR_2025-06-13,PLTR,2025-06-13,34,0.6121458056640626,0.6040892456054688,0.008056560058593787,Downside
PLTR_2025-06-20,PLTR,2025-06-20,41,0.6171099487304689,0.6106809765625002,0.006428972167968672,Downside
PLTR_2025-07-18,PLTR,2025-07-18,69,0.6123085644531251,0.6190020196533204,-0.006693455200195264,Upside
PLTR_2025-08-15,PLTR,2025-08-15,97,0.6826813958740235,0.7043079699707032,-0.021626574096679674,Upside
PLTR_2025-09-19,PLTR,2025-09-19,132,0.6584506811523438,0.6878489874267579,-0.029398306274414088,Upside
PLTR_2025-10-17,PLTR,2025-10-17,160,0.6445754943847656,0.680565531616211,-0.03599003723144545,Upside
PLTR_2025-11-21,PLTR,2025-11-21,195,0.6594068890380861,0.7068510760498047,-0.0474441870117186,Upside
PLTR_2026-01-16,PLTR,2026-01-16,251,0.6324703094482422,0.6904327832031251,-0.05796247375488284,Upside
PLTR_2026-02-20,PLTR,2026-02-20,286,0.6368546243286133,0.7019072778320313,-0.06505265350341805,Upside
PLTR_2026-03-20,PLTR,2026-03-20,314,0.6273230627441407,0.6949798568725587,-0.06765679412841796,Upside
PLTR_2026-06-18,PLTR,2026-06-18,404,0.6165911550903321,0.6964243411254886,-0.07983318603515643,Upside
PLTR_2026-12-18,PLTR,2026-12-18,587,0.5959513061523438,0.6992827923583985,-0.1033314862060547,Upside
PLTR_2027-01-15,PLTR,2027-01-15,615,0.5935302691650391,0.6973805490112306,-0.10385027984619144,Upside
PLTR_2027-06-17,PLTR,2027-06-17,768,0.5792888751220703,0.6987233090209962,-0.11943443389892594,Upside
PLTR_2027-12-17,PLTR,2027-12-17,951,0.563480927734375,0.6921112332153321,-0.1286303054809571,Upside
MU_2025-05-16,MU,2025-05-16,6,0.55273884765625,0.5449264257812501,0.007812421874999975,Downside
MU_2025-05-23,MU,2025-05-23,13,0.521814677734375,0.5197801928710937,0.002034484863281283,Downside
MU_2025-05-30,MU,2025-05-30,20,0.526371923828125,0.5205126074218751,0.005859316406249926,Downside
MU_2025-06-06,MU,2025-06-06,27,0.5106657006835937,0.5150601879882812,-0.0043944873046875,Upside
MU_2025-06-13,MU,2025-06-13,34,0.5095670788574219,0.5057829370117187,0.003784141845703193,Downside
MU_2025-06-20,MU,2025-06-20,41,0.5119677709960938,0.5018360363769531,0.010131734619140742,Downside
MU_2025-07-18,MU,2025-07-18,69,0.5582726464843751,0.5484257397460939,0.009846906738281258,Downside
MU_2025-08-15,MU,2025-08-15,97,0.5334112414550781,0.5341233111572266,-0.0007120697021484323,Upside
MU_2025-09-19,MU,2025-09-19,132,0.5151822570800783,0.5281622705078125,-0.01298001342773425,Upside
MU_2025-10-17,MU,2025-10-17,160,0.5188036401367188,0.5389450402832032,-0.020141400146484467,Upside
MU_2025-12-19,MU,2025-12-19,223,0.49483740844726576,0.5407964215087891,-0.04595901306152339,Upside
MU_2026-01-16,MU,2026-01-16,251,0.4932708551025391,0.5400843518066406,-0.04681349670410151,Upside
MU_2026-03-20,MU,2026-03-20,314,0.48320015502929686,0.5317022741699219,-0.04850211914062502,Upside
MU_2026-06-18,MU,2026-06-18,404,0.4661715167236329,0.532455033569336,-0.0662835168457031,Upside
MU_2026-12-18,MU,2026-12-18,587,0.45366960723876953,0.5414678015136719,-0.08779819427490237,Upside
MU_2027-01-15,MU,2027-01-15,615,0.4488478781127929,0.5357000369262696,-0.08685215881347663,Upside
MU_2027-06-17,MU,2027-06-17,768,0.43908235076904295,0.5361577960205078,-0.09707544525146489,Upside
MU_2027-12-17,MU,2027-12-17,951,0.4257463024902344,0.5377650390625001,-0.11201873657226569,Upside
RBLX_2025-05-16,RBLX,2025-05-16,6,0.47591669921875,0.5550174707031249,-0.07910077148437489,Upside
RBLX_2025-05-23,RBLX,2025-05-23,13,0.451502880859375,0.41439387695312496,0.03710900390625005,Downside
RBLX_2025-05-30,RBLX,2025-05-30,20,0.42122974609375,0.3991759301757813,0.022053815917968733,Downside
RBLX_2025-06-06,RBLX,2025-06-06,27,0.42481043945312497,0.4064186962890625,0.018391743164062446,Downside
RBLX_2025-06-13,RBLX,2025-06-13,34,0.46012909667968754,0.42122974609374997,0.038899350585937575,Downside
RBLX_2025-06-20,RBLX,2025-06-20,41,0.42700768310546877,0.39738558349609376,0.029622099609375008,Downside
RBLX_2025-07-18,RBLX,2025-07-18,69,0.41606215454101564,0.40291938232421876,0.013142772216796883,Downside
RBLX_2025-08-15,RBLX,2025-08-15,97,0.49854017089843755,0.4973601696777344,0.001180001220703164,Downside
RBLX_2025-09-19,RBLX,2025-09-19,132,0.4753877331542969,0.4863332617187501,-0.010945528564453189,Upside
RBLX_2025-10-17,RBLX,2025-10-17,160,0.47367876586914065,0.4758760095214844,-0.00219724365234375,Upside
RBLX_2025-11-21,RBLX,2025-11-21,195,0.4898122308349609,0.5137581176757812,-0.023945886840820274,Upside
RBLX_2025-12-19,RBLX,2025-12-19,223,0.47555049194335935,0.5031787963867188,-0.027628304443359453,Upside
RBLX_2026-01-16,RBLX,2026-01-16,251,0.46625289611816406,0.5022022436523438,-0.03594934753417972,Upside
RBLX_2026-03-20,RBLX,2026-03-20,314,0.4649915155029298,0.5126188061523438,-0.04762729064941401,Upside
RBLX_2026-06-18,RBLX,2026-06-18,404,0.45848116394042976,0.5205939868164062,-0.06211282287597647,Upside
RBLX_2026-12-18,RBLX,2026-12-18,587,0.33732759033203125,0.19117019775390628,0.14615739257812496,Downside
RBLX_2027-01-15,RBLX,2027-01-15,615,0.437505625,0.5229336444091797,-0.08542801940917966,Upside
U_2025-05-16,U,2025-05-16,6,0.7187528125,0.7513045703125,-0.03255175781249997,Upside
U_2025-05-23,U,2025-05-23,13,0.6897817480468751,0.69726865234375,-0.00748690429687493,Upside
U_2025-05-30,U,2025-05-30,20,0.641605146484375,0.64388376953125,-0.0022786230468749835,Upside
U_2025-06-06,U,2025-06-06,27,0.641605146484375,0.610355458984375,0.031249687500000012,Downside
U_2025-06-13,U,2025-06-13,34,0.5999388964843752,0.6219113330078127,-0.0219724365234375,Upside
U_2025-06-20,U,2025-06-20,41,0.6139361523437501,0.621423056640625,-0.00748690429687493,Upside
U_2025-08-15,U,2025-08-15,97,0.6435582519531251,0.6564161962890626,-0.012857944335937455,Upside
U_2025-09-19,U,2025-09-19,132,0.6241899560546876,0.6473017041015625,-0.02311174804687488,Upside
U_2025-11-21,U,2025-11-21,195,0.6245154736328126,0.6599155102539064,-0.03540003662109381,Upside
U_2025-12-19,U,2025-12-19,223,0.6176796044921876,0.65430033203125,-0.036620727539062425,Upside
U_2026-01-16,U,2026-01-16,251,0.6375361767578126,0.6384313500976563,-0.0008951733398436801,Upside
U_2026-03-20,U,2026-03-20,314,0.6138547729492189,0.6572299902343751,-0.04337521728515625,Upside
U_2027-01-15,U,2027-01-15,615,0.5456588403320313,0.6631706860351563,-0.117511845703125,Upside
ROKU_2025-05-16,ROKU,2025-05-16,6,0.557621611328125,0.5249070947265625,0.03271451660156255,Downside
ROKU_2025-05-23,ROKU,2025-05-23,13,0.5323939990234375,0.507491904296875,0.024902094726562574,Downside
ROKU_2025-05-30,ROKU,2025-05-30,20,0.5078988012695312,0.4934946484375,0.014404152832031225,Downside
ROKU_2025-06-06,ROKU,2025-06-06,27,0.5168505346679688,0.5051319018554689,0.011718632812499963,Downside
ROKU_2025-06-13,ROKU,2025-06-13,34,0.5180712255859375,0.5138394970703125,0.004231728515625033,Downside
ROKU_2025-06-20,ROKU,2025-06-20,41,0.5582726464843751,0.4935760278320313,0.06469661865234383,Downside
ROKU_2025-07-18,ROKU,2025-07-18,69,0.5425664233398438,0.5039112109375,0.03865521240234382,Downside
ROKU_2025-09-19,ROKU,2025-09-19,132,0.5786988745117189,0.5730023168945313,0.00569655761718757,Downside
ROKU_2025-10-17,ROKU,2025-10-17,160,0.56445748046875,0.5664512756347656,-0.0019937951660156106,Upside
ROKU_2026-01-16,ROKU,2026-01-16,251,0.5629112719726562,0.5885254364013671,-0.025614164428710895,Upside
ROKU_2026-02-20,ROKU,2026-02-20,286,0.557743680419922,0.6052692468261719,-0.04752556640624994,Upside
ROKU_2026-03-20,ROKU,2026-03-20,314,0.557621611328125,0.6017495880126955,-0.04412797668457047,Upside
ROKU_2026-05-15,ROKU,2026-05-15,370,0.5618126501464845,0.6117389086914063,-0.04992625854492183,Upside
ROKU_2026-06-18,ROKU,2026-06-18,404,0.5543257458496094,0.6233558172607423,-0.06903007141113293,Upside
ROKU_2027-01-15,ROKU,2027-01-15,615,0.5265550274658203,0.612756151123047,-0.08620112365722676,Upside
RDDT_2025-05-16,RDDT,2025-05-16,6,0.7883321948242187,0.7710797631835938,0.017252431640624843,Downside
RDDT_2025-05-23,RDDT,2025-05-23,13,0.7440618041992186,0.7273790283203124,0.01668277587890621,Downside
RDDT_2025-05-30,RDDT,2025-05-30,20,0.7260769580078126,0.69726865234375,0.02880830566406256,Downside
RDDT_2025-06-06,RDDT,2025-06-06,27,0.7157824645996094,0.708132801513672,0.007649663085937397,Downside
RDDT_2025-06-13,RDDT,2025-06-13,34,0.7352728295898437,0.7066679724121094,0.02860485717773431,Downside
RDDT_2025-06-20,RDDT,2025-06-20,41,0.7031686584472657,0.6905955419921875,0.012573116455078193,Downside
RDDT_2025-07-18,RDDT,2025-07-18,69,0.695518995361328,0.6901072656250001,0.005411729736327864,Downside
RDDT_2025-08-15,RDDT,2025-08-15,97,0.7350286914062499,0.7484562915039062,-0.013427600097656311,Upside
RDDT_2025-10-17,RDDT,2025-10-17,160,0.7025176232910155,0.7365952447509766,-0.03407762145996107,Upside
RDDT_2025-11-21,RDDT,2025-11-21,195,0.7213162634277342,0.763552169189453,-0.04223590576171876,Upside
RDDT_2026-01-16,RDDT,2026-01-16,251,0.700971414794922,0.7484156018066406,-0.0474441870117186,Upside
RDDT_2026-06-18,RDDT,2026-06-18,404,0.6840241558837891,0.749575258178711,-0.06555110229492189,Upside
RDDT_2027-01-15,RDDT,2027-01-15,615,0.6694165545654299,0.75300336517334,-0.08358681060791007,Upside
RDDT_2027-06-17,RDDT,2027-06-17,768,0.6449213568115234,0.7466557723999023,-0.10173441558837892,Upside
NBIS_2025-05-16,NBIS,2025-05-16,6,0.87435021484375,0.86523572265625,0.009114492187499934,Downside
NBIS_2025-05-23,NBIS,2025-05-23,13,1.0693405908203129,1.0651088411458336,0.004231749674479257,Downside
NBIS_2025-05-30,NBIS,2025-05-30,20,0.9674482421875,0.9719241088867188,-0.0044758666992187335,Upside
NBIS_2025-06-06,NBIS,2025-06-06,27,0.863608134765625,0.9428716650390625,-0.07926353027343747,Upside
NBIS_2025-06-13,NBIS,2025-06-13,34,0.8772798730468749,0.8537612280273439,0.023518645019531048,Downside
NBIS_2025-06-20,NBIS,2025-06-20,41,0.8997405859374998,0.8875336767578125,0.012206909179687364,Downside
NBIS_2025-08-15,NBIS,2025-08-15,97,0.8550632983398437,0.8636895141601562,-0.008626215820312422,Upside
NBIS_2025-11-21,NBIS,2025-11-21,195,0.8172218798828124,0.827150166015625,-0.009928286132812603,Upside
NBIS_2026-01-16,NBIS,2026-01-16,251,0.8113625634765623,0.8306901696777343,-0.01932760620117202,Upside
NBIS_2027-01-15,NBIS,2027-01-15,615,0.7657901025390625,0.8352881054687499,-0.06949800292968733,Upside
JPM_2025-05-16,JPM,2025-05-16,6,0.3386296606445312,0.2670971728515625,0.07153248779296872,Downside
JPM_2025-05-23,JPM,2025-05-23,13,0.32817240844726564,0.24585715087890625,0.08231525756835939,Downside
JPM_2025-05-30,JPM,2025-05-30,20,0.30465376342773437,0.22795368408203123,0.07670007934570314,Downside
JPM_2025-06-06,JPM,2025-06-06,27,0.3044096252441406,0.23902128173828122,0.0653883435058594,Downside
JPM_2025-06-13,JPM,2025-06-13,34,0.2959461682128906,0.23074092834472656,0.06520523986816404,Downside
JPM_2025-06-20,JPM,2025-06-20,41,0.28858133300781247,0.2386754193115234,0.04990591369628908,Downside
JPM_2025-07-18,JPM,2025-07-18,69,0.30471479797363277,0.25922371643066405,0.045491081542968714,Downside
JPM_2025-08-15,JPM,2025-08-15,97,0.29266047515869137,0.2709830389404297,0.02167743621826168,Downside
JPM_2025-09-19,JPM,2025-09-19,132,0.2882558154296874,0.269213037109375,0.019042778320312426,Downside
JPM_2025-10-17,JPM,2025-10-17,160,0.29151099121093743,0.27539787109374997,0.016113120117187463,Downside
JPM_2025-11-21,JPM,2025-11-21,195,0.279731323852539,0.2772899420166015,0.002441381835937506,Downside
JPM_2025-12-19,JPM,2025-12-19,223,0.2736990762329101,0.28429874237060543,-0.010599666137695307,Upside
JPM_2026-01-16,JPM,2026-01-16,251,0.27415174911499024,0.2817861535644531,-0.007634404449462839,Upside
JPM_2026-03-20,JPM,2026-03-20,314,0.27148148773193354,0.2751588191223145,-0.0036773313903809557,Upside
JPM_2026-06-18,JPM,2026-06-18,404,0.2617413914489746,0.2823405506896972,-0.020599159240722587,Upside
JPM_2026-12-18,JPM,2026-12-18,587,0.25980354461669924,0.27719330398559566,-0.017389759368896418,Upside
JPM_2027-01-15,JPM,2027-01-15,615,0.2561363856506348,0.2767101138305664,-0.020573728179931583,Upside
JPM_2027-12-17,JPM,2027-12-17,951,0.2459232716369629,0.2829381806182861,-0.037014908981323175,Upside
BAC_2025-05-16,BAC,2025-05-16,6,0.35547519531249994,0.3157620507812499,0.03971314453125002,Downside
BAC_2025-05-23,BAC,2025-05-23,13,0.35026691406249993,0.272468212890625,0.07779870117187493,Downside
BAC_2025-05-30,BAC,2025-05-30,20,0.32487654296874996,0.2540764697265625,0.07080007324218746,Downside
BAC_2025-06-06,BAC,2025-06-06,27,0.33366551757812496,0.2475661181640625,0.08609939941406247,Downside
BAC_2025-06-13,BAC,2025-06-13,34,0.3269924072265625,0.2430088720703125,0.08398353515624998,Downside
BAC_2025-06-20,BAC,2025-06-20,41,0.32048205566406246,0.2423578369140625,0.07812421874999995,Downside
BAC_2025-07-18,BAC,2025-07-18,69,0.32910827148437494,0.27450269775390623,0.054605573730468704,Downside
BAC_2025-08-15,BAC,2025-08-15,97,0.31722687988281245,0.28011787597656246,0.03710900390624999,Downside
BAC_2025-09-19,BAC,2025-09-19,132,0.3178779150390625,0.27649649291992184,0.04138142211914064,Downside
BAC_2025-10-17,BAC,2025-10-17,160,0.31315791015624994,0.2834137414550781,0.029744168701171858,Downside
BAC_2025-11-21,BAC,2025-11-21,195,0.30579307495117186,0.2926503027343749,0.013142772216796939,Downside
BAC_2025-12-19,BAC,2025-12-19,223,0.3298406860351562,0.2712475219726563,0.058593164062499925,Downside
BAC_2026-01-16,BAC,2026-01-16,251,0.32939309936523437,0.2755199401855469,0.05387315917968749,Downside
BAC_2026-03-20,BAC,2026-03-20,314,0.3106758386230468,0.2761302856445312,0.03454555297851564,Downside
BAC_2026-06-18,BAC,2026-06-18,404,0.30518272949218744,0.27926339233398434,0.025919337158203104,Downside
BAC_2026-09-18,BAC,2026-09-18,496,0.2994047924804687,0.2793447717285156,0.020060020751953123,Downside
BAC_2026-12-18,BAC,2026-12-18,587,0.2969634106445312,0.275723388671875,0.021240021972656176,Downside
BAC_2027-01-15,BAC,2027-01-15,615,0.2930571997070312,0.28325098266601556,0.009806217041015641,Downside
BAC_2027-06-17,BAC,2027-06-17,768,0.285265122680664,0.2886627124023437,-0.0033975897216796946,Upside
GS_2025-05-16,GS,2025-05-16,6,0.3731752136230469,0.3311427563476562,0.04203245727539068,Downside
GS_2025-05-23,GS,2025-05-23,13,0.3508365698242187,0.29429823547363276,0.05653833435058592,Downside
GS_2025-05-30,GS,2025-05-30,20,0.34621828918457026,0.27665925170898437,0.0695590374755859,Downside
GS_2025-06-06,GS,2025-06-06,27,0.34430587341308594,0.28426822509765626,0.06003764831542968,Downside
GS_2025-06-13,GS,2025-06-13,34,0.3665224481201172,0.2951222018432617,0.07140024627685548,Downside
GS_2025-06-20,GS,2025-06-20,41,0.33297379272460936,0.2894663339233398,0.04350745880126955,Downside
GS_2025-07-18,GS,2025-07-18,69,0.33798879791259767,0.3169166209411621,0.021072176971435597,Downside
GS_2025-08-15,GS,2025-08-15,97,0.3496260513305664,0.30367721069335935,0.045948840637207056,Downside
GS_2025-09-19,GS,2025-09-19,132,0.34220526779174804,0.3040891938781738,0.038116073913574244,Downside
GS_2025-10-17,GS,2025-10-17,160,0.3391891439819335,0.3174633887481689,0.021725755233764632,Downside
GS_2025-11-21,GS,2025-11-21,195,0.3184501139068603,0.31176937423706047,0.006680739669799818,Downside
GS_2025-12-19,GS,2025-12-19,223,0.3242407664489746,0.30196570030212394,0.022275066146850653,Downside
GS_2026-01-16,GS,2026-01-16,251,0.3208330043029785,0.3065051446533203,0.014327859649658214,Downside
GS_2026-03-20,GS,2026-03-20,314,0.30807424110412596,0.30855743125915525,-0.0004831901550292894,Upside
GS_2026-06-18,GS,2026-06-18,404,0.3330984049224853,0.3121991591644287,0.020899245758056628,Downside
GS_2026-12-18,GS,2026-12-18,587,0.29119055984497066,0.31663942237854,-0.025448862533569316,Upside
GS_2027-01-15,GS,2027-01-15,615,0.29565371101379384,0.32274796318054194,-0.0270942521667481,Upside
GS_2027-06-17,GS,2027-06-17,768,0.2932720921707153,0.32307856697082515,-0.02980647480010984,Upside
V_2025-05-16,V,2025-05-16,6,0.29281306152343745,0.21533987792968748,0.07747318359374997,Downside
V_2025-05-23,V,2025-05-23,13,0.28886616088867184,0.19466951171875,0.09419664916992185,Downside
V_2025-05-30,V,2025-05-30,20,0.27181717773437497,0.18374432800292964,0.08807284973144533,Downside
V_2025-06-06,V,2025-06-06,27,0.2674226904296875,0.18618570983886717,0.08123698059082035,Downside
V_2025-06-13,V,2025-06-13,34,0.26489992919921873,0.18547364013671874,0.07942628906249999,Downside
V_2025-06-20,V,2025-06-20,41,0.25924406127929683,0.1880574359130859,0.07118662536621093,Downside
V_2025-07-18,V,2025-07-18,69,0.2517266397094727,0.208066594543457,0.04366004516601568,Downside
V_2025-08-15,V,2025-08-15,97,0.2586540606689453,0.23095454925537107,0.02769951141357424,Downside
V_2025-09-19,V,2025-09-19,132,0.25060767303466797,0.23803964279174802,0.012568030242919942,Downside
V_2025-10-17,V,2025-10-17,160,0.2457961163330078,0.24351240707397462,0.0022837092590331787,Downside
V_2025-11-21,V,2025-11-21,195,0.24502809829711913,0.25396965927124027,-0.008941560974121132,Upside
V_2025-12-19,V,2025-12-19,223,0.23965705825805664,0.25467155654907225,-0.015014498291015616,Upside
V_2026-01-16,V,2026-01-16,251,0.23653412399291993,0.2541781939697266,-0.017644069976806648,Upside
V_2026-03-20,V,2026-03-20,314,0.2369766244506836,0.26202113311767583,-0.025044508666992232,Upside
V_2026-06-18,V,2026-06-18,404,0.22858437438964843,0.27657787231445313,-0.0479934979248047,Upside
V_2026-12-18,V,2026-12-18,587,0.1611437442779541,0.2994353097534179,-0.1382915654754638,Upside
V_2027-01-15,V,2027-01-15,615,0.23307295661926272,0.296482763595581,-0.06340980697631829,Upside
V_2027-06-17,V,2027-06-17,768,0.23222610229492183,0.19487550331115722,0.03735059898376461,Downside
V_2027-12-17,V,2027-12-17,951,0.22554536262512206,0.3089948455047607,-0.08344948287963863,Upside
MA_2025-05-16,MA,2025-05-16,6,0.293952373046875,0.200854345703125,0.09309802734375,Downside
MA_2025-05-23,MA,2025-05-23,13,0.26675131042480466,0.1724529370117188,0.09429837341308586,Downside
MA_2025-05-30,MA,2025-05-30,20,0.24711853149414062,0.18252363708496097,0.06459489440917965,Downside
MA_2025-06-06,MA,2025-06-06,27,0.24308007904052734,0.17649138946533205,0.06658868957519529,Downside
MA_2025-06-20,MA,2025-06-20,41,0.23739369384765627,0.1796753582763672,0.05771833557128908,Downside
MA_2025-07-18,MA,2025-07-18,69,0.2396011099243164,0.20291934783935547,0.036681762084960934,Downside
MA_2025-09-19,MA,2025-09-19,132,0.25498690170288085,0.22892006439208987,0.026066837310790986,Downside
MA_2025-10-17,MA,2025-10-17,160,0.23628998580932614,0.2420780952453613,-0.005788109436035166,Upside
MA_2025-12-19,MA,2025-12-19,223,0.24258671646118166,0.256667894821167,-0.014081178359985319,Upside
MA_2026-01-16,MA,2026-01-16,251,0.24312076873779298,0.2516986655426025,-0.008577896804809526,Upside
MA_2026-03-20,MA,2026-03-20,314,0.23452761329650876,0.2618787191772461,-0.02735110588073733,Upside
MA_2026-06-18,MA,2026-06-18,404,0.272994635848999,0.2761124839019775,-0.003117848052978489,Upside
MA_2026-12-18,MA,2026-12-18,587,0.23490653610229492,0.2911447839355468,-0.0562382478332519,Upside
MA_2027-01-15,MA,2027-01-15,615,0.22053544364929198,0.28967741172790523,-0.06914196807861325,Upside
MA_2027-06-17,MA,2027-06-17,768,0.2413736548614502,0.2957528921508788,-0.05437923728942859,Upside
TSLA_2025-05-16,TSLA,2025-05-16,6,0.6261837512207032,0.6255327160644532,0.0006510351562500905,Downside
TSLA_2025-05-23,TSLA,2025-05-23,13,0.6111692529296876,0.6104164935302735,0.0007527593994141046,Downside
TSLA_2025-05-30,TSLA,2025-05-30,20,0.5900106103515624,0.5942830285644531,-0.004272418212890705,Upside
TSLA_2025-06-06,TSLA,2025-06-06,27,0.5984537225341797,0.6081378704833985,-0.009684147949218791,Upside
TSLA_2025-06-13,TSLA,2025-06-13,34,0.5990233782958986,0.6111895977783205,-0.012166219482421914,Upside
TSLA_2025-06-20,TSLA,2025-06-20,41,0.5944661322021485,0.6097044238281252,-0.015238291625976674,Upside
TSLA_2025-07-18,TSLA,2025-07-18,69,0.5957173403930666,0.6259090957641603,-0.030191755371093754,Upside
TSLA_2025-08-15,TSLA,2025-08-15,97,0.6104266659545899,0.6503229141235352,-0.039896248168945214,Upside
TSLA_2025-09-19,TSLA,2025-09-19,132,0.5911906115722657,0.6408523870849611,-0.04966177551269535,Upside
TSLA_2025-10-17,TSLA,2025-10-17,160,0.5828085339355469,0.6406998007202148,-0.05789126678466794,Upside
TSLA_2025-11-21,TSLA,2025-11-21,195,0.5834188793945313,0.6493056716918946,-0.06588679229736327,Upside
TSLA_2025-12-19,TSLA,2025-12-19,223,0.5728904202270508,0.643731183166504,-0.07084076293945318,Upside
TSLA_2026-01-16,TSLA,2026-01-16,251,0.5670717935180665,0.6399368688964844,-0.07286507537841791,Upside
TSLA_2026-03-20,TSLA,2026-03-20,314,0.5593560096740723,0.6432073033142091,-0.08385129364013677,Upside
TSLA_2026-06-18,TSLA,2026-06-18,404,0.5527947959899904,0.6481460153198241,-0.0953512193298337,Upside
TSLA_2026-09-18,TSLA,2026-09-18,496,0.5464370307922365,0.6522149850463869,-0.10577795425415037,Upside
TSLA_2026-12-18,TSLA,2026-12-18,587,0.5416559913635255,0.6562686961364746,-0.11461270477294916,Upside
TSLA_2027-01-15,TSLA,2027-01-15,615,0.538914523010254,0.6562941271972657,-0.11737960418701165,Upside
TSLA_2027-06-17,TSLA,2027-06-17,768,0.5286098571777345,0.6582141722869873,-0.12960431510925285,Upside
TSLA_2027-12-17,TSLA,2027-12-17,951,0.5157620852661132,0.6596840876007081,-0.14392200233459485,Upside
FSLR_2025-05-16,FSLR,2025-05-16,6,0.6584506811523437,0.6739127661132814,-0.015462084960937705,Upside
FSLR_2025-05-23,FSLR,2025-05-23,13,0.6044961425781251,0.6241085766601563,-0.01961243408203117,Upside
FSLR_2025-05-30,FSLR,2025-05-30,20,0.5711305908203126,0.5935913037109376,-0.022460712890625012,Upside
FSLR_2025-06-06,FSLR,2025-06-06,27,0.5500533276367188,0.5943237182617188,-0.044270390625000045,Upside
FSLR_2025-06-20,FSLR,2025-06-20,41,0.5761354235839843,0.5959513061523437,-0.019815882568359422,Upside
FSLR_2025-07-18,FSLR,2025-07-18,69,0.5638267901611328,0.5900309552001953,-0.026204165039062532,Upside
FSLR_2025-08-15,FSLR,2025-08-15,97,0.5790447369384766,0.6140378765869142,-0.03499313964843764,Upside
FSLR_2025-09-19,FSLR,2025-09-19,132,0.5600629931640625,0.6011188977050782,-0.04105590454101571,Upside
FSLR_2025-10-17,FSLR,2025-10-17,160,0.5535526416015626,0.6001626898193361,-0.04661004821777348,Upside
FSLR_2025-12-19,FSLR,2025-12-19,223,0.535110036315918,0.587070779724121,-0.051960743408203,Upside
FSLR_2026-01-16,FSLR,2026-01-16,251,0.5280605462646485,0.5881999188232422,-0.060139372558593696,Upside
FSLR_2026-03-20,FSLR,2026-03-20,314,0.5167284655761719,0.5858500888061523,-0.06912162322998039,Upside
FSLR_2026-06-18,FSLR,2026-06-18,404,0.5093738027954101,0.579380426940918,-0.07000662414550785,Upside
FSLR_2027-01-15,FSLR,2027-01-15,615,0.48082998016357426,0.5743959390258788,-0.09356595886230457,Upside
ENVX_2025-05-16,ENVX,2025-05-16,6,1.1979175911458333,0.8437515625,0.35416602864583324,Downside
ENVX_2025-05-23,ENVX,2025-05-23,13,1.272137734375,0.9075548111979167,0.3645829231770833,Downside
ENVX_2025-05-30,ENVX,2025-05-30,20,1.7604179296875,0.8190122265624998,0.9414057031250002,Downside
ENVX_2025-06-06,ENVX,2025-06-06,27,1.6699241471354167,0.9375023046875,0.7324218424479167,Downside
ENVX_2025-06-20,ENVX,2025-06-20,41,0.8880219531249999,0.8313818945312499,0.05664005859374999,Downside
ENVX_2025-07-18,ENVX,2025-07-18,69,0.86393365234375,0.8242205078125,0.039713144531249966,Downside
ENVX_2025-08-15,ENVX,2025-08-15,97,0.9459657877604167,0.91145921875,0.03450656901041671,Downside
ENVX_2025-10-17,ENVX,2025-10-17,160,0.9192733138020833,0.9435227001953125,-0.024249386393229155,Upside
ENVX_2025-11-21,ENVX,2025-11-21,195,0.9674499479166666,0.8997405859374998,0.06770936197916677,Downside
ENVX_2026-01-16,ENVX,2026-01-16,251,0.8945323046874999,0.933268896484375,-0.038736591796875164,Upside
ENVX_2026-02-20,ENVX,2026-02-20,286,1.06250248046875,1.015626767578125,0.046875712890624976,Downside
ENVX_2027-01-15,ENVX,2027-01-15,615,0.8889171264648437,0.9331061376953125,-0.04418901123046881,Upside
CSIQ_2025-05-16,CSIQ,2025-05-16,6,1.171879140625,0.9205754817708334,0.2513036588541666,Downside
CSIQ_2025-05-23,CSIQ,2025-05-23,13,1.3645865104166666,0.9348985546874999,0.4296879557291666,Downside
CSIQ_2025-05-30,CSIQ,2025-05-30,20,1.0963571223958333,0.7682314843750001,0.32812563802083317,Downside
CSIQ_2025-06-06,CSIQ,2025-06-06,27,1.140629296875,0.7252631640625,0.4153661328125,Downside
CSIQ_2025-06-20,CSIQ,2025-06-20,41,1.0045607812500001,0.6647168945312502,0.33984388671875,Downside
CSIQ_2025-07-18,CSIQ,2025-07-18,69,0.8776053906249999,0.6448603222656251,0.2327450683593748,Downside
CSIQ_2025-10-17,CSIQ,2025-10-17,160,0.8883474707031249,0.5792685302734375,0.3090789404296874,Downside
CSIQ_2026-01-16,CSIQ,2026-01-16,251,0.8471694970703124,0.6114947705078126,0.23567472656249977,Downside
CSIQ_2027-01-15,CSIQ,2027-01-15,615,0.7423528369140625,0.6350134155273438,0.1073394213867187,Downside
MBLY_2025-05-16,MBLY,2025-05-16,6,0.6562534375000001,0.6237016796875,0.03255175781250008,Downside
MBLY_2025-05-23,MBLY,2025-05-23,13,0.7154976367187501,0.651370673828125,0.06412696289062514,Downside
MBLY_2025-05-30,MBLY,2025-05-30,20,0.6529982617187501,0.6432327343750001,0.009765527343750025,Downside
MBLY_2025-06-06,MBLY,2025-06-06,27,0.6543003320312502,0.7005238281250001,-0.04622349609374998,Upside
MBLY_2025-06-20,MBLY,2025-06-20,41,0.6393265234375002,0.61263408203125,0.026692441406250156,Downside
MBLY_2025-07-18,MBLY,2025-07-18,69,0.6624382714843752,0.6227251269531251,0.03971314453125008,Downside
MBLY_2025-08-15,MBLY,2025-08-15,97,0.6507196386718751,0.657881025390625,-0.007161386718749885,Upside
MBLY_2025-11-21,MBLY,2025-11-21,195,0.6650424121093752,0.6761100097656252,-0.011067597656249983,Upside
MBLY_2026-01-16,MBLY,2026-01-16,251,0.6193071923828125,0.6360713476562501,-0.016764155273437553,Upside
MBLY_2027-01-15,MBLY,2027-01-15,615,0.6470575659179689,0.6504755004882813,-0.0034179345703123643,Upside
MARA_2025-05-16,MARA,2025-05-16,6,0.9596358203125,0.9960955143229168,-0.03645969401041671,Upside
MARA_2025-05-23,MARA,2025-05-23,13,0.9270840625,0.9537765039062499,-0.026692441406249934,Upside
MARA_2025-05-30,MARA,2025-05-30,20,0.8763033203125,0.92252681640625,-0.04622349609374998,Upside
MARA_2025-06-06,MARA,2025-06-06,27,0.882813671875,0.9049488671875,-0.022135195312499967,Upside
MARA_2025-06-13,MARA,2025-06-13,34,0.8730481445312499,0.89908955078125,-0.026041406250000065,Upside
MARA_2025-06-20,MARA,2025-06-20,41,0.8678398632812501,0.9069019726562498,-0.039062109374999765,Upside
MARA_2025-07-18,MARA,2025-07-18,69,0.8717460742187498,0.9166675,-0.044921425781250135,Upside
MARA_2025-09-19,MARA,2025-09-19,132,0.8959971337890624,0.9498702929687499,-0.05387315917968749,Upside
MARA_2025-12-19,MARA,2025-12-19,223,0.8972992041015623,0.9492192578124999,-0.051920053710937664,Upside
MARA_2026-01-16,MARA,2026-01-16,251,0.885743330078125,0.937826142578125,-0.05208281250000002,Upside
MARA_2026-03-20,MARA,2026-03-20,314,0.8953460986328124,0.9177254321289062,-0.02237933349609378,Upside
MARA_2026-06-18,MARA,2026-06-18,404,0.9282252180989584,0.80013220703125,0.12809301106770843,Downside
MARA_2026-09-18,MARA,2026-09-18,496,1.0864274739583333,0.7956563403320313,0.290771133626302,Downside
MARA_2027-01-15,MARA,2027-01-15,615,0.8850109155273437,0.8736991796875001,0.011311735839843573,Downside
MARA_2027-06-17,MARA,2027-06-17,768,0.7803570141601562,0.8250343017578124,-0.04467728759765621,Upside
MARA_2027-12-17,MARA,2027-12-17,951,0.8793143579101561,0.8868012622070313,-0.007486904296875152,Upside
MSTR_2025-05-16,MSTR,2025-05-16,6,0.6141802905273439,0.6314937567138672,-0.017313466186523296,Upside
MSTR_2025-05-23,MSTR,2025-05-23,13,0.6404454901123047,0.6505365350341797,-0.01009104492187507,Upside
MSTR_2025-05-30,MSTR,2025-05-30,20,0.6380651428222657,0.6524489508056642,-0.014383807983398555,Upside
MSTR_2025-06-06,MSTR,2025-06-06,27,0.6604851660156251,0.6788769091796878,-0.01839174316406267,Upside
MSTR_2025-06-13,MSTR,2025-06-13,34,0.6763744927978518,0.7139921179199219,-0.03761762512207012,Upside
MSTR_2025-06-20,MSTR,2025-06-20,41,0.6858043301391602,0.7126493579101565,-0.026845027770996288,Upside
MSTR_2025-07-18,MSTR,2025-07-18,69,0.7399114550781251,0.7790142541503906,-0.03910279907226555,Upside
MSTR_2025-09-19,MSTR,2025-09-19,132,0.800935828552246,0.8598595964050294,-0.058923767852783415,Upside
MSTR_2025-10-17,MSTR,2025-10-17,160,0.8121610987854003,0.8774578904724121,-0.06529679168701175,Upside
MSTR_2025-12-19,MSTR,2025-12-19,223,0.8181679153442382,0.8942423905944823,-0.07607447525024413,Upside
MSTR_2026-01-16,MSTR,2026-01-16,251,0.813554720916748,0.8938812695312498,-0.08032654861450184,Upside
MSTR_2026-03-20,MSTR,2026-03-20,314,0.8146279116821288,0.8915924740600585,-0.0769645623779297,Upside
MSTR_2026-06-18,MSTR,2026-06-18,404,0.8086643279266358,0.8978968340301513,-0.08923250610351552,Upside
MSTR_2026-12-18,MSTR,2026-12-18,587,0.793222587814331,0.9070850762939453,-0.11386248847961433,Upside
MSTR_2027-01-15,MSTR,2027-01-15,615,0.788286418914795,0.906200075378418,-0.11791365646362295,Upside
MSTR_2027-06-17,MSTR,2027-06-17,768,0.8555634443410237,0.9051065397644041,-0.04954309542338042,Upside
MSTR_2027-12-17,MSTR,2027-12-17,951,0.7325923957824706,0.9014012342071531,-0.16880883842468253,Upside
RIOT_2025-05-16,RIOT,2025-05-16,6,0.8789074609374999,0.96354375,-0.08463628906250009,Upside
RIOT_2025-05-23,RIOT,2025-05-23,13,0.82812671875,0.86979296875,-0.041666250000000016,Upside
RIOT_2025-05-30,RIOT,2025-05-30,20,0.7812521874999999,0.8378922460937499,-0.05664005859374999,Upside
RIOT_2025-06-06,RIOT,2025-06-06,27,0.778648046875,0.8385432812499999,-0.059895234374999884,Upside
RIOT_2025-06-13,RIOT,2025-06-13,34,0.8444025976562499,0.846355703125,-0.0019531054687500493,Upside
RIOT_2025-06-20,RIOT,2025-06-20,41,0.8294287890625,0.8681653808593749,-0.03873659179687494,Upside
RIOT_2025-09-19,RIOT,2025-09-19,132,0.8245460253906249,0.8736991796875001,-0.04915315429687517,Upside
RIOT_2025-12-19,RIOT,2025-12-19,223,0.8190122265624998,0.8758150439453125,-0.056802817382812676,Upside
RIOT_2026-01-16,RIOT,2026-01-16,251,0.8095722167968749,0.8693046923828125,-0.05973247558593764,Upside
RIOT_2026-03-20,RIOT,2026-03-20,314,0.806968076171875,0.8400081103515623,-0.03304003417968726,Upside
RIOT_2026-06-18,RIOT,2026-06-18,404,1.132651298828125,0.8313818945312499,0.3012694042968751,Downside
RIOT_2027-01-15,RIOT,2027-01-15,615,0.7631859619140625,0.8165708447265624,-0.05338488281249987,Upside
MRNA_2025-05-16,MRNA,2025-05-16,6,0.75455974609375,0.739260419921875,0.015299326171875016,Downside
MRNA_2025-05-23,MRNA,2025-05-23,13,0.7669294140625,0.7548852636718749,0.012044150390625119,Downside
MRNA_2025-05-30,MRNA,2025-05-30,20,0.729494892578125,0.716474189453125,0.013020703125000033,Downside
MRNA_2025-06-06,MRNA,2025-06-06,27,0.7208686767578124,0.721356953125,-0.00048827636718762335,Upside
MRNA_2025-06-13,MRNA,2025-06-13,34,0.7101265966796874,0.718427294921875,-0.008300698242187599,Upside
MRNA_2025-06-20,MRNA,2025-06-20,41,0.7304714453125,0.7522811230468749,-0.02180967773437492,Upside
MRNA_2025-07-18,MRNA,2025-07-18,69,0.7104521142578125,0.703453486328125,0.006998627929687529,Downside
MRNA_2025-09-19,MRNA,2025-09-19,132,0.7475611181640626,0.7664411376953125,-0.01888001953124996,Upside
MRNA_2025-10-17,MRNA,2025-10-17,160,0.7482121533203125,0.7619652709960939,-0.013753117675781357,Upside
MRNA_2026-01-16,MRNA,2026-01-16,251,0.7045114184570312,0.7331569653320312,-0.028645546874999983,Upside
MRNA_2026-03-20,MRNA,2026-03-20,314,0.6904327832031251,0.6901886450195313,0.00024413818359381168,Downside
MRNA_2026-06-18,MRNA,2026-06-18,404,0.6735058691406252,0.7058134887695312,-0.03230761962890605,Upside
MRNA_2026-12-18,MRNA,2026-12-18,587,0.6495803271484376,0.7399928344726563,-0.09041250732421868,Upside
MRNA_2027-01-15,MRNA,2027-01-15,615,0.6469354968261719,0.7465031860351562,-0.09956768920898429,Upside
NVAX_2025-05-16,NVAX,2025-05-16,6,1.1067752994791666,1.140629296875,-0.03385399739583339,Upside
NVAX_2025-05-23,NVAX,2025-05-23,13,0.95833375,0.90299576171875,0.05533798828125003,Downside
NVAX_2025-05-30,NVAX,2025-05-30,20,0.9635438085937501,0.9362002343749999,0.027343574218750222,Downside
NVAX_2025-06-06,NVAX,2025-06-06,27,0.841147421875,0.8541681250000001,-0.013020703125000033,Upside
NVAX_2025-06-20,NVAX,2025-06-20,41,1.1582044856770832,0.8548191601562499,0.3033853255208333,Downside
NVAX_2025-07-18,NVAX,2025-07-18,69,0.8561212304687499,0.8860688476562499,-0.029947617187500053,Upside
NVAX_2025-10-17,NVAX,2025-10-17,160,0.83268396484375,0.8789074609374999,-0.04622349609374998,Upside
NVAX_2026-01-16,NVAX,2026-01-16,251,0.8180356738281249,0.846355703125,-0.02832002929687505,Upside
NVAX_2027-01-15,NVAX,2027-01-15,615,0.8676789046223959,0.7921570263671874,0.07552187825520851,Downside
NVAX_2027-12-17,NVAX,2027-12-17,951,0.6266313378906251,0.7843446044921875,-0.15771326660156237,Upside
SGMO_2025-05-16,SGMO,2025-05-16,6,2.750003125,3.583336328125,-0.833333203125,Upside
SGMO_2025-08-15,SGMO,2025-08-15,97,1.5625021874999998,1.7395846354166664,-0.1770824479166666,Upside
SGMO_2026-01-16,SGMO,2026-01-16,251,1.4375028125,1.8229193424479166,-0.38541652994791664,Upside
SGMO_2027-01-15,SGMO,2027-01-15,615,0.8203142968749999,1.4375028125,-0.6171885156250001,Upside
SRPT_2025-08-15,SRPT,2025-08-15,97,0.9040536938476562,0.9324551025390625,-0.028401408691406282,Upside
SRPT_2026-01-16,SRPT,2026-01-16,251,0.8023701403808592,0.8404150073242187,-0.03804486694335951,Upside
SRPT_2027-01-15,SRPT,2027-01-15,615,0.6926300268554688,0.8192970544433593,-0.1266670275878905,Upside
VKTX_2025-05-16,VKTX,2025-05-16,6,0.8623060644531249,1.0201856054687501,-0.1578795410156253,Upside
VKTX_2025-05-23,VKTX,2025-05-23,13,0.9811217708333334,0.9534509863281251,0.027670784505208323,Downside
VKTX_2025-05-30,VKTX,2025-05-30,20,0.89257919921875,0.9169947037760416,-0.02441550455729169,Upside
VKTX_2025-06-06,VKTX,2025-06-06,27,0.905925419921875,0.8883474707031249,0.01757794921875011,Downside
VKTX_2025-06-20,VKTX,2025-06-20,41,0.811525322265625,0.8658867578125,-0.054361435546875,Upside
VKTX_2025-08-15,VKTX,2025-08-15,97,0.948893740234375,0.9903158520507813,-0.041422111816406315,Upside
VKTX_2025-11-21,VKTX,2025-11-21,195,0.916341982421875,0.9759930786132814,-0.059651096191406405,Upside
VKTX_2026-01-16,VKTX,2026-01-16,251,0.8699557275390625,0.9340826904296874,-0.06412696289062492,Upside
VKTX_2027-01-15,VKTX,2027-01-15,615,0.8083108361816406,0.9169523278808592,-0.10864149169921866,Upside
WGS_2025-05-16,WGS,2025-05-16,6,0.9689147672526041,0.8515639843749999,0.11735078287760414,Downside
WGS_2025-05-23,WGS,2025-05-23,13,0.8676771044921875,0.7911804736328124,0.07649663085937508,Downside
WGS_2025-05-30,WGS,2025-05-30,20,0.8344743115234373,0.771812177734375,0.06266213378906227,Downside
WGS_2025-06-06,WGS,2025-06-06,27,1.0068385009765626,0.772707351074219,0.23413114990234363,Downside
WGS_2025-06-20,WGS,2025-06-20,41,0.7946797875976562,0.7879252978515625,0.006754489746093717,Downside
WGS_2025-07-18,WGS,2025-07-18,69,0.9021005883789063,0.7893494372558593,0.11275115112304701,Downside
WGS_2025-09-19,WGS,2025-09-19,132,0.8838309143066404,0.8753267675781249,0.008504146728515516,Downside
WGS_2025-12-19,WGS,2025-12-19,223,0.8789074609374999,0.8966074792480468,-0.017700018310546906,Upside
WGS_2026-01-16,WGS,2026-01-16,251,0.9094247338867187,0.8846853979492186,0.024739335937500107,Downside
COST_2025-05-16,COST,2025-05-16,6,0.31610791320800774,0.2624585473632812,0.053649365844726515,Downside
COST_2025-05-23,COST,2025-05-23,13,0.3002897933959961,0.23839059143066402,0.06189920196533208,Downside
COST_2025-05-30,COST,2025-05-30,20,0.3254156814575195,0.2805044281005859,0.04491125335693358,Downside
COST_2025-06-06,COST,2025-06-06,27,0.3120135124206542,0.27782399429321286,0.034189518127441365,Downside
COST_2025-06-13,COST,2025-06-13,34,0.3101468725585937,0.26887734710693356,0.04126952545166013,Downside
COST_2025-06-20,COST,2025-06-20,41,0.2860840028381347,0.2625907888793945,0.023493213958740156,Downside
COST_2025-07-18,COST,2025-07-18,69,0.27054562469482424,0.2568967743682862,0.013648850326538065,Downside
COST_2025-08-15,COST,2025-08-15,97,0.2716213585662841,0.2628120391082764,0.008809319458007725,Downside
COST_2025-09-19,COST,2025-09-19,132,0.2570163003540039,0.26637238761901855,-0.009356087265014634,Upside
COST_2025-10-17,COST,2025-10-17,160,0.2570824211120606,0.28305516349792476,-0.025972742385864167,Upside
COST_2026-01-16,COST,2026-01-16,251,0.251420195426941,0.29127193923950195,-0.03985174381256096,Upside
COST_2026-03-20,COST,2026-03-20,314,0.24725204456329342,0.2997722713088989,-0.05252022674560547,Upside
COST_2026-06-18,COST,2026-06-18,404,0.2421849057006836,0.30737488693237297,-0.06518998123168937,Upside
COST_2026-12-18,COST,2026-12-18,587,0.23816044033050532,0.3158447017288207,-0.07768426139831536,Upside
COST_2027-01-15,COST,2027-01-15,615,0.23366550033569333,0.31513644668579094,-0.0814709463500976,Upside
CPRT_2025-05-16,CPRT,2025-05-16,6,0.7412152343750001,0.48503119140625,0.25618404296875014,Downside
CPRT_2025-06-20,CPRT,2025-06-20,41,0.34180345703125,0.26848062255859373,0.07332283447265625,Downside
CPRT_2025-08-15,CPRT,2025-08-15,97,0.3415593188476563,0.2679516564941406,0.07360766235351568,Downside
CPRT_2025-09-19,CPRT,2025-09-19,132,0.3006254833984374,0.27153234985351565,0.029093133544921768,Downside
CPRT_2026-01-16,CPRT,2026-01-16,251,0.29090064575195307,0.28321029296874994,0.007690352783203125,Downside
CPRT_2026-03-20,CPRT,2026-03-20,314,0.252937158203125,0.30782755981445303,-0.05489040161132802,Upside
CPRT_2026-06-18,CPRT,2026-06-18,404,0.32792827026367183,0.3249172326660156,0.003011037597656252,Downside
CPRT_2027-01-15,CPRT,2027-01-15,615,0.18661295166015623,0.3297389617919922,-0.14312601013183596,Upside
DIS_2025-05-16,DIS,2025-05-16,6,0.45313046874999996,0.42708906250000006,0.0260414062499999,Downside
DIS_2025-05-23,DIS,2025-05-23,13,0.3118558398437499,0.35889312988281247,-0.04703729003906254,Upside
DIS_2025-05-30,DIS,2025-05-30,20,0.3101468725585937,0.3406641455078125,-0.0305172729492188,Upside
DIS_2025-06-06,DIS,2025-06-06,27,0.3263413720703125,0.32129584960937496,0.005045522460937535,Downside
DIS_2025-06-20,DIS,2025-06-20,41,0.33114275634765616,0.2713289013671875,0.05981385498046865,Downside
DIS_2025-07-18,DIS,2025-07-18,69,0.32011584838867185,0.2555006091308594,0.06461523925781243,Downside
DIS_2025-08-15,DIS,2025-08-15,97,0.33118344604492184,0.2872589178466796,0.04392452819824222,Downside
DIS_2025-09-19,DIS,2025-09-19,132,0.3142972216796875,0.2882558154296874,0.026041406250000065,Downside
DIS_2025-10-17,DIS,2025-10-17,160,0.3075427319335937,0.2875030560302734,0.020039675903320342,Downside
DIS_2025-12-19,DIS,2025-12-19,223,0.30455203918457024,0.2977161700439453,0.0068358691406249505,Downside
DIS_2026-01-16,DIS,2026-01-16,251,0.29706513488769526,0.2996692755126953,-0.0026041406250000287,Upside
DIS_2026-03-20,DIS,2026-03-20,314,0.296983755493164,0.30770549072265624,-0.010721735229492213,Upside
DIS_2026-06-18,DIS,2026-06-18,404,0.28693340026855463,0.32251654052734374,-0.035583140258789114,Upside
DIS_2026-12-18,DIS,2026-12-18,587,0.27916166809082027,0.3235541278076171,-0.04439245971679684,Upside
DIS_2027-01-15,DIS,2027-01-15,615,0.2775747698974609,0.32293360992431636,-0.045358840026855474,Upside
PM_2025-05-16,PM,2025-05-16,6,0.31218135742187497,0.31950550292968743,-0.007324145507812463,Upside
PM_2025-05-23,PM,2025-05-23,13,0.3621483056640624,0.314785498046875,0.04736280761718742,Downside
PM_2025-05-30,PM,2025-05-30,20,0.3226792993164062,0.24988543090820312,0.0727938684082031,Downside
PM_2025-06-06,PM,2025-06-06,27,0.2736889038085937,0.37793590820312506,-0.10424700439453138,Upside
PM_2025-06-13,PM,2025-06-13,34,0.35718416259765623,0.2180253979492187,0.13915876464843752,Downside
PM_2025-06-20,PM,2025-06-20,41,0.2742585595703125,0.21574677490234373,0.05851178466796875,Downside
PM_2025-09-19,PM,2025-09-19,132,0.27779856323242186,0.25104508728027347,0.026753475952148387,Downside
PM_2025-10-17,PM,2025-10-17,160,0.28026028991699214,0.24622335815429686,0.03403693176269529,Downside
PM_2025-11-21,PM,2025-11-21,195,0.2889475402832031,0.2582675085449219,0.030680031738281155,Downside
PM_2025-12-19,PM,2025-12-19,223,0.2715730395507812,0.25591767852783204,0.015655361022949177,Downside
PM_2026-01-16,PM,2026-01-16,251,0.2687247607421875,0.2507602593994141,0.017964501342773387,Downside
PM_2026-03-20,PM,2026-03-20,314,0.2715628671264649,0.2592542337036133,0.0123086334228516,Downside
PM_2026-06-18,PM,2026-06-18,404,0.28184718811035153,0.2630638066101074,0.018783381500244112,Downside
PM_2027-01-15,PM,2027-01-15,615,0.2574130249023438,0.18509217422485355,0.07232085067749025,Downside
SPHR_2025-05-16,SPHR,2025-05-16,6,0.78971564453125,0.7910177148437499,-0.0013020703124999589,Upside
SPHR_2025-06-20,SPHR,2025-06-20,41,0.5763388720703125,0.5441126318359375,0.032226240234375036,Downside
SPHR_2025-07-18,SPHR,2025-07-18,69,0.5625043750000001,0.57878025390625,-0.01627587890624993,Upside
SPHR_2025-08-15,SPHR,2025-08-15,97,0.6076699389648438,0.5783733569335938,0.029296582031249963,Downside
SPHR_2025-09-19,SPHR,2025-09-19,132,0.597334755859375,0.6241085766601563,-0.02677382080078128,Upside
SPHR_2025-11-21,SPHR,2025-11-21,195,0.5747926635742188,0.5812216357421877,-0.006428972167968894,Upside
SPHR_2026-01-16,SPHR,2026-01-16,251,0.561649891357422,0.5987995849609377,-0.03714969360351561,Upside
SPHR_2027-01-15,SPHR,2027-01-15,615,0.5509485009765626,0.6039264868164064,-0.05297798583984381,Upside
SGI_2025-05-16,SGI,2025-05-16,6,0.750328017578125,0.7913449788411459,-0.0410169612630209,Upside
SGI_2025-06-20,SGI,2025-06-20,41,0.43807528076171875,0.40698835205078127,0.03108692871093749,Downside
SGI_2025-09-19,SGI,2025-09-19,132,0.4333959655761719,0.4171200866699219,0.016275878906249985,Downside
SGI_2026-01-16,SGI,2026-01-16,251,0.1996336547851563,0.4410049389648438,-0.24137128417968748,Upside
SGI_2027-01-15,SGI,2027-01-15,615,0.15926947509765624,0.3269720623779297,-0.16770258728027346,Upside
CAVA_2025-05-16,CAVA,2025-05-16,6,0.9845379150390626,0.93554751953125,0.04899039550781259,Downside
CAVA_2025-05-23,CAVA,2025-05-23,13,0.8081073876953124,0.7627790649414062,0.04532832275390619,Downside
CAVA_2025-05-30,CAVA,2025-05-30,20,0.7288438574218751,0.706057626953125,0.022786230468750057,Downside
CAVA_2025-06-06,CAVA,2025-06-06,27,0.682742430419922,0.6736279382324221,0.009114492187499934,Downside
CAVA_2025-06-20,CAVA,2025-06-20,41,0.6573113696289064,0.6119423571777345,0.045369012451171864,Downside
CAVA_2025-07-18,CAVA,2025-07-18,69,0.6044554528808596,0.5832968103027344,0.021158642578125164,Downside
CAVA_2025-09-19,CAVA,2025-09-19,132,0.5854737091064454,0.5867350897216798,-0.0012613806152343976,Upside
CAVA_2025-10-17,CAVA,2025-10-17,160,0.5720461090087892,0.5808147387695313,-0.008768629760742108,Upside
CAVA_2025-11-21,CAVA,2025-11-21,195,0.5720257641601563,0.6007730352783205,-0.02874727111816422,Upside
CAVA_2025-12-19,CAVA,2025-12-19,223,0.5539798834228516,0.5853109503173829,-0.031331066894531245,Upside
CAVA_2026-01-16,CAVA,2026-01-16,251,0.540816766357422,0.5779868048095703,-0.03717003845214828,Upside
CAVA_2026-03-20,CAVA,2026-03-20,314,0.5284267535400391,0.5786581848144531,-0.050231431274413985,Upside
CAVA_2026-12-18,CAVA,2026-12-18,587,0.343054665222168,0.5866740551757813,-0.24361938995361332,Upside
CAVA_2027-01-15,CAVA,2027-01-15,615,0.5115405291748047,0.5906921627807618,-0.079151633605957,Upside
CVNA_2025-05-16,CVNA,2025-05-16,6,0.6648796533203126,0.600386483154297,0.06449317016601563,Downside
CVNA_2025-05-23,CVNA,2025-05-23,13,0.6466913586425782,0.5791871508789063,0.06750420776367194,Downside
CVNA_2025-05-30,CVNA,2025-05-30,20,0.6122475299072266,0.5559533337402344,0.05629419616699227,Downside
CVNA_2025-06-06,CVNA,2025-06-06,27,0.6334875518798829,0.57226990234375,0.061217649536132956,Downside
CVNA_2025-06-20,CVNA,2025-06-20,41,0.6014037255859376,0.5587405780029298,0.04266314758300782,Downside
CVNA_2025-08-15,CVNA,2025-08-15,97,0.6584303363037111,0.6572808523559571,0.0011494839477539376,Downside
CVNA_2025-09-19,CVNA,2025-09-19,132,0.6328466891479493,0.6463810997009277,-0.013534410552978438,Upside
CVNA_2025-11-21,CVNA,2025-11-21,195,0.6532932620239259,0.6823050161743165,-0.02901175415039059,Upside
CVNA_2026-01-16,CVNA,2026-01-16,251,0.6249681465148927,0.6716646603393556,-0.046696513824462826,Upside
CVNA_2026-03-20,CVNA,2026-03-20,314,0.6466099792480469,0.6922841644287111,-0.04567418518066424,Upside
CVNA_2026-06-18,CVNA,2026-06-18,404,0.6531152445983887,0.7013528807067871,-0.048237636108398485,Upside
CVNA_2026-12-18,CVNA,2026-12-18,587,0.6286047882080079,0.723182903289795,-0.09457811508178704,Upside
CVNA_2027-01-15,CVNA,2027-01-15,615,0.6245409046936036,0.7220588504028319,-0.09751794570922834,Upside
GRAB_2025-05-16,GRAB,2025-05-16,6,1.0208373177083334,0.9062529166666667,0.11458440104166667,Downside
GRAB_2025-05-23,GRAB,2025-05-23,13,1.0807329166666666,0.6093789062500001,0.47135401041666647,Downside
GRAB_2025-05-30,GRAB,2025-05-30,20,1.0885440494791665,0.8164101822916668,0.27213386718749966,Downside
GRAB_2025-06-06,GRAB,2025-06-06,27,1.3958369921875,0.6106809765625,0.785156015625,Downside
GRAB_2025-06-20,GRAB,2025-06-20,41,0.7057339257812499,0.5768271484375,0.1289067773437499,Downside
GRAB_2025-07-18,GRAB,2025-07-18,69,0.61133201171875,0.52604640625,0.08528560546874997,Downside
GRAB_2025-10-17,GRAB,2025-10-17,160,0.53060365234375,0.530278134765625,0.0003255175781249342,Downside
GRAB_2026-01-16,GRAB,2026-01-16,251,0.515955361328125,0.5781292187500001,-0.06217385742187509,Upside
GRAB_2027-01-15,GRAB,2027-01-15,615,0.6565789550781251,0.6092161474609376,0.047362807617187586,Downside
GRAB_2027-06-17,GRAB,2027-06-17,768,0.6028685546875001,0.6189816748046876,-0.016113120117187463,Upside
GRAB_2027-12-17,GRAB,2027-12-17,951,0.9492212320963542,0.8933145532226563,0.055906678873697935,Downside
PDYN_2025-05-16,PDYN,2025-05-16,6,2.320313971354167,1.2786494401041664,1.0416645312500006,Downside
PDYN_2025-06-20,PDYN,2025-06-20,41,1.3164096679687498,1.0813848014322918,0.23502486653645804,Downside
PDYN_2025-07-18,PDYN,2025-07-18,69,1.4329455436197918,1.1224002213541668,0.3105453222656249,Downside
PDYN_2025-10-17,PDYN,2025-10-17,160,1.3815135091145834,1.091801416015625,0.2897120930989583,Downside
SERV_2025-05-16,SERV,2025-05-16,6,1.4817734244791667,1.4453152734374999,0.03645815104166683,Downside
SERV_2025-05-23,SERV,2025-05-23,13,1.3085972070312497,1.31640966796875,-0.007812460937500321,Upside
SERV_2025-05-30,SERV,2025-05-30,20,1.4674522721354168,1.173832255859375,0.29362001627604184,Downside
SERV_2025-06-06,SERV,2025-06-06,27,1.1354209895833336,0.8723989388020833,0.2630220507812503,Downside
SERV_2025-06-20,SERV,2025-06-20,41,1.1132856835937501,1.0358105761718752,0.07747510742187491,Downside
SERV_2025-09-19,SERV,2025-09-19,132,1.0735723404947917,0.9362019710286459,0.13737036946614578,Downside
SERV_2025-12-19,SERV,2025-12-19,223,1.0703171484375003,1.0244156722005207,0.0459014762369796,Downside
SERV_2026-01-16,SERV,2026-01-16,251,1.0612026106770835,0.9150399121093749,0.1461626985677087,Downside
SERV_2026-03-20,SERV,2026-03-20,314,1.0605515722656251,1.0402033618164064,0.02034821044921875,Downside
SERV_2027-01-15,SERV,2027-01-15,615,1.0407762805175782,0.92887615234375,0.11190012817382822,Downside
ACHR_2025-05-16,ACHR,2025-05-16,6,1.1809936783854165,1.1328168359375,0.048176842447916535,Downside
ACHR_2025-05-23,ACHR,2025-05-23,13,1.0182324283854167,0.96419306640625,0.0540393619791667,Downside
ACHR_2025-05-30,ACHR,2025-05-30,20,0.919271640625,0.882813671875,0.03645796874999996,Downside
ACHR_2025-06-06,ACHR,2025-06-06,27,0.888021953125,0.861980546875,0.026041406249999954,Downside
ACHR_2025-06-13,ACHR,2025-06-13,34,1.6630887109374999,0.86523572265625,0.7978529882812498,Downside
ACHR_2025-06-20,ACHR,2025-06-20,41,0.8756522851562499,0.8300798242187498,0.045572460937500114,Downside
ACHR_2025-07-18,ACHR,2025-07-18,69,0.8372412109375,0.804689453125,0.03255175781250008,Downside
ACHR_2025-10-17,ACHR,2025-10-17,160,0.7910177148437499,0.8056660058593749,-0.014648291015624926,Upside
ACHR_2026-01-16,ACHR,2026-01-16,251,0.764650791015625,0.7989928955078125,-0.03434210449218744,Upside
ACHR_2027-01-15,ACHR,2027-01-15,615,0.76888251953125,0.809572216796875,-0.04068969726562499,Upside
JOBY_2025-05-16,JOBY,2025-05-16,6,1.2031278515625,0.7369817968749999,0.46614605468750003,Downside
JOBY_2025-05-23,JOBY,2025-05-23,13,0.8177119010416668,0.6484410156250001,0.16927088541666668,Downside
JOBY_2025-05-30,JOBY,2025-05-30,20,0.9908884375000001,0.6393265234375002,0.3515619140624999,Downside
JOBY_2025-06-06,JOBY,2025-06-06,27,0.690107265625,0.6256547851562501,0.06445248046874996,Downside
JOBY_2025-06-20,JOBY,2025-06-20,41,0.6035195898437501,0.65039412109375,-0.04687453124999996,Upside
JOBY_2025-07-18,JOBY,2025-07-18,69,0.7070341796875002,0.6497430859375001,0.05729109375000008,Downside
JOBY_2025-10-17,JOBY,2025-10-17,160,0.6263058203125001,0.6715527636718752,-0.04524694335937507,Upside
JOBY_2026-01-16,JOBY,2026-01-16,251,0.64778998046875,0.683922431640625,-0.036132451171875024,Upside
JOBY_2027-01-15,JOBY,2027-01-15,615,0.6474644628906251,0.7469100830078125,-0.09944562011718738,Upside
